week_label,approx_week_start,year,month_abbr,week_in_month,species_malay,species_english,wholesale_rm_kg,retail_rm_kg,report_source
2024-DIS-W2,2024-12-08,2024,DIS,2,AYA KURIK,Frigate Tuna,8.51,11.23,M01.JAN_1.2025
2024-DIS-W2,2024-12-08,2024,DIS,2,BAWAL HITAM,Black Pomfret,22.14,25.02,M01.JAN_1.2025
2024-DIS-W2,2024-12-08,2024,DIS,2,BAWAL PUTIH,Silver Pomfret,33.56,46.61,M01.JAN_1.2025
2024-DIS-W2,2024-12-08,2024,DIS,2,CENCARU,Hardtail Scad,8.33,10.31,M01.JAN_1.2025
2024-DIS-W2,2024-12-08,2024,DIS,2,KELI,Catfish,6.92,10.17,M01.JAN_1.2025
2024-DIS-W2,2024-12-08,2024,DIS,2,KEMBUNG,Indian Mackerel,10.99,13.83,M01.JAN_1.2025
2024-DIS-W2,2024-12-08,2024,DIS,2,KERAPU,Grouper,27.59,28.06,M01.JAN_1.2025
2024-DIS-W2,2024-12-08,2024,DIS,2,KERISI,Threadfin Bream,10.08,14.29,M01.JAN_1.2025
2024-DIS-W2,2024-12-08,2024,DIS,2,KETAM RENJONG,Blue Swimming Crab,26.07,27.52,M01.JAN_1.2025
2024-DIS-W2,2024-12-08,2024,DIS,2,MERAH,Red Snapper,32.33,32.96,M01.JAN_1.2025
2024-DIS-W2,2024-12-08,2024,DIS,2,PELALING,Pelaling (Herring sp.),9.2,11.81,M01.JAN_1.2025
2024-DIS-W2,2024-12-08,2024,DIS,2,SELAR,Yellowtail Scad,12.4,15.09,M01.JAN_1.2025
2024-DIS-W2,2024-12-08,2024,DIS,2,SELAR KUNING,Yellowstripe Scad,9.71,12.67,M01.JAN_1.2025
2024-DIS-W2,2024-12-08,2024,DIS,2,SELAYANG,Moonfish / Round Scad,8.68,10.89,M01.JAN_1.2025
2024-DIS-W2,2024-12-08,2024,DIS,2,SIAKAP,Barramundi / Asian Sea Bass,15.3,20.35,M01.JAN_1.2025
2024-DIS-W2,2024-12-08,2024,DIS,2,SOTONG BIASA,Common Squid,26.54,28.86,M01.JAN_1.2025
2024-DIS-W2,2024-12-08,2024,DIS,2,TENGGIRI BATANG,Spanish Mackerel,26.87,28.51,M01.JAN_1.2025
2024-DIS-W2,2024-12-08,2024,DIS,2,TILAPIA MERAH,Red Tilapia,10.75,14.86,M01.JAN_1.2025
2024-DIS-W2,2024-12-08,2024,DIS,2,UDANG PUTIH BESAR,Large White Shrimp,45.85,49.19,M01.JAN_1.2025
2024-DIS-W2,2024-12-08,2024,DIS,2,UDANG VANNAMEI,Vannamei Shrimp,25.97,29.92,M01.JAN_1.2025
2024-DIS-W3,2024-12-15,2024,DIS,3,AYA KURIK,Frigate Tuna,9.32,11.3,M01.JAN_1.2025
2024-DIS-W3,2024-12-15,2024,DIS,3,BAWAL HITAM,Black Pomfret,22.59,25.62,M01.JAN_1.2025
2024-DIS-W3,2024-12-15,2024,DIS,3,BAWAL PUTIH,Silver Pomfret,32.7,46.53,M01.JAN_1.2025
2024-DIS-W3,2024-12-15,2024,DIS,3,CENCARU,Hardtail Scad,8.62,10.67,M01.JAN_1.2025
2024-DIS-W3,2024-12-15,2024,DIS,3,KELI,Catfish,7.0,10.29,M01.JAN_1.2025
2024-DIS-W3,2024-12-15,2024,DIS,3,KEMBUNG,Indian Mackerel,11.67,14.42,M01.JAN_1.2025
2024-DIS-W3,2024-12-15,2024,DIS,3,KERAPU,Grouper,26.21,27.36,M01.JAN_1.2025
2024-DIS-W3,2024-12-15,2024,DIS,3,KERISI,Threadfin Bream,10.79,14.3,M01.JAN_1.2025
2024-DIS-W3,2024-12-15,2024,DIS,3,KETAM RENJONG,Blue Swimming Crab,27.17,28.18,M01.JAN_1.2025
2024-DIS-W3,2024-12-15,2024,DIS,3,MERAH,Red Snapper,32.0,33.72,M01.JAN_1.2025
2024-DIS-W3,2024-12-15,2024,DIS,3,PELALING,Pelaling (Herring sp.),9.51,12.86,M01.JAN_1.2025
2024-DIS-W3,2024-12-15,2024,DIS,3,SELAR,Yellowtail Scad,12.99,15.38,M01.JAN_1.2025
2024-DIS-W3,2024-12-15,2024,DIS,3,SELAR KUNING,Yellowstripe Scad,9.5,12.93,M01.JAN_1.2025
2024-DIS-W3,2024-12-15,2024,DIS,3,SELAYANG,Moonfish / Round Scad,9.14,11.35,M01.JAN_1.2025
2024-DIS-W3,2024-12-15,2024,DIS,3,SIAKAP,Barramundi / Asian Sea Bass,15.24,20.04,M01.JAN_1.2025
2024-DIS-W3,2024-12-15,2024,DIS,3,SOTONG BIASA,Common Squid,27.52,29.8,M01.JAN_1.2025
2024-DIS-W3,2024-12-15,2024,DIS,3,TENGGIRI BATANG,Spanish Mackerel,27.58,28.66,M01.JAN_1.2025
2024-DIS-W3,2024-12-15,2024,DIS,3,TILAPIA MERAH,Red Tilapia,11.08,14.38,M01.JAN_1.2025
2024-DIS-W3,2024-12-15,2024,DIS,3,UDANG PUTIH BESAR,Large White Shrimp,45.88,50.68,M01.JAN_1.2025
2024-DIS-W3,2024-12-15,2024,DIS,3,UDANG VANNAMEI,Vannamei Shrimp,26.15,30.91,M01.JAN_1.2025
2024-DIS-W4,2024-12-22,2024,DIS,4,AYA KURIK,Frigate Tuna,9.29,11.66,M01.JAN_1.2025
2024-DIS-W4,2024-12-22,2024,DIS,4,BAWAL HITAM,Black Pomfret,23.0,26.55,M01.JAN_1.2025
2024-DIS-W4,2024-12-22,2024,DIS,4,BAWAL PUTIH,Silver Pomfret,33.18,48.36,M01.JAN_1.2025
2024-DIS-W4,2024-12-22,2024,DIS,4,CENCARU,Hardtail Scad,8.61,10.73,M01.JAN_1.2025
2024-DIS-W4,2024-12-22,2024,DIS,4,KELI,Catfish,6.93,10.13,M01.JAN_1.2025
2024-DIS-W4,2024-12-22,2024,DIS,4,KEMBUNG,Indian Mackerel,11.58,14.34,M01.JAN_1.2025
2024-DIS-W4,2024-12-22,2024,DIS,4,KERAPU,Grouper,26.32,27.76,M01.JAN_1.2025
2024-DIS-W4,2024-12-22,2024,DIS,4,KERISI,Threadfin Bream,11.08,14.62,M01.JAN_1.2025
2024-DIS-W4,2024-12-22,2024,DIS,4,KETAM RENJONG,Blue Swimming Crab,27.78,29.53,M01.JAN_1.2025
2024-DIS-W4,2024-12-22,2024,DIS,4,MERAH,Red Snapper,32.48,33.49,M01.JAN_1.2025
2024-DIS-W4,2024-12-22,2024,DIS,4,PELALING,Pelaling (Herring sp.),9.95,12.82,M01.JAN_1.2025
2024-DIS-W4,2024-12-22,2024,DIS,4,SELAR,Yellowtail Scad,13.9,15.7,M01.JAN_1.2025
2024-DIS-W4,2024-12-22,2024,DIS,4,SELAR KUNING,Yellowstripe Scad,9.59,13.03,M01.JAN_1.2025
2024-DIS-W4,2024-12-22,2024,DIS,4,SELAYANG,Moonfish / Round Scad,9.15,11.71,M01.JAN_1.2025
2024-DIS-W4,2024-12-22,2024,DIS,4,SIAKAP,Barramundi / Asian Sea Bass,15.56,20.45,M01.JAN_1.2025
2024-DIS-W4,2024-12-22,2024,DIS,4,SOTONG BIASA,Common Squid,27.25,29.86,M01.JAN_1.2025
2024-DIS-W4,2024-12-22,2024,DIS,4,TENGGIRI BATANG,Spanish Mackerel,28.51,29.15,M01.JAN_1.2025
2024-DIS-W4,2024-12-22,2024,DIS,4,TILAPIA MERAH,Red Tilapia,10.85,14.37,M01.JAN_1.2025
2024-DIS-W4,2024-12-22,2024,DIS,4,UDANG PUTIH BESAR,Large White Shrimp,47.62,52.92,M01.JAN_1.2025
2024-DIS-W4,2024-12-22,2024,DIS,4,UDANG VANNAMEI,Vannamei Shrimp,26.43,30.34,M01.JAN_1.2025
2025-DIS-W1,2025-12-01,2025,DIS,1,AYA KURIK,Frigate Tuna,10.33,13.3,M49.DIS_1.2025
2025-DIS-W1,2025-12-01,2025,DIS,1,BAWAL HITAM,Black Pomfret,23.78,28.01,M49.DIS_1.2025
2025-DIS-W1,2025-12-01,2025,DIS,1,BAWAL PUTIH,Silver Pomfret,33.65,43.2,M49.DIS_1.2025
2025-DIS-W1,2025-12-01,2025,DIS,1,CENCARU,Hardtail Scad,8.59,11.45,M49.DIS_1.2025
2025-DIS-W1,2025-12-01,2025,DIS,1,KELI,Catfish,7.56,10.98,M49.DIS_1.2025
2025-DIS-W1,2025-12-01,2025,DIS,1,KEMBUNG,Indian Mackerel,12.56,15.43,M49.DIS_1.2025
2025-DIS-W1,2025-12-01,2025,DIS,1,KERAPU,Grouper,27.24,29.5,M49.DIS_1.2025
2025-DIS-W1,2025-12-01,2025,DIS,1,KERISI,Threadfin Bream,11.42,13.64,M49.DIS_1.2025
2025-DIS-W1,2025-12-01,2025,DIS,1,KETAM RENJONG,Blue Swimming Crab,27.77,32.62,M49.DIS_1.2025
2025-DIS-W1,2025-12-01,2025,DIS,1,MERAH,Red Snapper,32.92,35.17,M49.DIS_1.2025
2025-DIS-W1,2025-12-01,2025,DIS,1,PELALING,Pelaling (Herring sp.),11.36,13.24,M49.DIS_1.2025
2025-DIS-W1,2025-12-01,2025,DIS,1,SELAR,Yellowtail Scad,13.18,15.5,M49.DIS_1.2025
2025-DIS-W1,2025-12-01,2025,DIS,1,SELAR KUNING,Yellowstripe Scad,9.45,12.15,M49.DIS_1.2025
2025-DIS-W1,2025-12-01,2025,DIS,1,SELAYANG,Moonfish / Round Scad,9.66,11.81,M49.DIS_1.2025
2025-DIS-W1,2025-12-01,2025,DIS,1,SIAKAP,Barramundi / Asian Sea Bass,15.89,20.6,M49.DIS_1.2025
2025-DIS-W1,2025-12-01,2025,DIS,1,SOTONG BIASA,Common Squid,28.42,32.23,M49.DIS_1.2025
2025-DIS-W1,2025-12-01,2025,DIS,1,TENGGIRI BATANG,Spanish Mackerel,28.38,31.59,M49.DIS_1.2025
2025-DIS-W1,2025-12-01,2025,DIS,1,TILAPIA MERAH,Red Tilapia,11.56,15.23,M49.DIS_1.2025
2025-DIS-W1,2025-12-01,2025,DIS,1,UDANG PUTIH BESAR,Large White Shrimp,45.03,54.14,M49.DIS_1.2025
2025-DIS-W1,2025-12-01,2025,DIS,1,UDANG VANNAMEI,Vannamei Shrimp,26.71,32.11,M49.DIS_1.2025
2025-DIS-W2,2025-12-08,2025,DIS,2,AYA KURIK,Frigate Tuna,10.86,13.66,M53.DIS_5.2025
2025-DIS-W2,2025-12-08,2025,DIS,2,BAWAL HITAM,Black Pomfret,23.9,27.9,M53.DIS_5.2025
2025-DIS-W2,2025-12-08,2025,DIS,2,BAWAL PUTIH,Silver Pomfret,35.08,43.55,M53.DIS_5.2025
2025-DIS-W2,2025-12-08,2025,DIS,2,CENCARU,Hardtail Scad,8.73,11.83,M53.DIS_5.2025
2025-DIS-W2,2025-12-08,2025,DIS,2,KELI,Catfish,7.29,10.64,M53.DIS_5.2025
2025-DIS-W2,2025-12-08,2025,DIS,2,KEMBUNG,Indian Mackerel,12.36,15.89,M53.DIS_5.2025
2025-DIS-W2,2025-12-08,2025,DIS,2,KERAPU,Grouper,26.66,29.03,M53.DIS_5.2025
2025-DIS-W2,2025-12-08,2025,DIS,2,KERISI,Threadfin Bream,11.26,13.71,M53.DIS_5.2025
2025-DIS-W2,2025-12-08,2025,DIS,2,KETAM RENJONG,Blue Swimming Crab,27.82,31.23,M53.DIS_5.2025
2025-DIS-W2,2025-12-08,2025,DIS,2,MERAH,Red Snapper,33.08,35.86,M53.DIS_5.2025
2025-DIS-W2,2025-12-08,2025,DIS,2,PELALING,Pelaling (Herring sp.),10.77,13.03,M53.DIS_5.2025
2025-DIS-W2,2025-12-08,2025,DIS,2,SELAR,Yellowtail Scad,13.64,16.48,M53.DIS_5.2025
2025-DIS-W2,2025-12-08,2025,DIS,2,SELAR KUNING,Yellowstripe Scad,8.96,12.41,M53.DIS_5.2025
2025-DIS-W2,2025-12-08,2025,DIS,2,SELAYANG,Moonfish / Round Scad,9.69,12.35,M53.DIS_5.2025
2025-DIS-W2,2025-12-08,2025,DIS,2,SIAKAP,Barramundi / Asian Sea Bass,16.08,20.66,M53.DIS_5.2025
2025-DIS-W2,2025-12-08,2025,DIS,2,SOTONG BIASA,Common Squid,28.39,33.24,M53.DIS_5.2025
2025-DIS-W2,2025-12-08,2025,DIS,2,TENGGIRI BATANG,Spanish Mackerel,28.58,31.72,M53.DIS_5.2025
2025-DIS-W2,2025-12-08,2025,DIS,2,TILAPIA MERAH,Red Tilapia,11.26,15.35,M53.DIS_5.2025
2025-DIS-W2,2025-12-08,2025,DIS,2,UDANG PUTIH BESAR,Large White Shrimp,45.64,54.17,M53.DIS_5.2025
2025-DIS-W2,2025-12-08,2025,DIS,2,UDANG VANNAMEI,Vannamei Shrimp,26.75,31.84,M53.DIS_5.2025
2025-DIS-W3,2025-12-15,2025,DIS,3,AYA KURIK,Frigate Tuna,10.83,13.38,M53.DIS_5.2025
2025-DIS-W3,2025-12-15,2025,DIS,3,BAWAL HITAM,Black Pomfret,24.28,27.65,M53.DIS_5.2025
2025-DIS-W3,2025-12-15,2025,DIS,3,BAWAL PUTIH,Silver Pomfret,35.44,44.92,M53.DIS_5.2025
2025-DIS-W3,2025-12-15,2025,DIS,3,CENCARU,Hardtail Scad,9.03,11.92,M53.DIS_5.2025
2025-DIS-W3,2025-12-15,2025,DIS,3,KELI,Catfish,7.53,10.88,M53.DIS_5.2025
2025-DIS-W3,2025-12-15,2025,DIS,3,KEMBUNG,Indian Mackerel,12.77,15.86,M53.DIS_5.2025
2025-DIS-W3,2025-12-15,2025,DIS,3,KERAPU,Grouper,27.71,29.35,M53.DIS_5.2025
2025-DIS-W3,2025-12-15,2025,DIS,3,KERISI,Threadfin Bream,11.93,13.76,M53.DIS_5.2025
2025-DIS-W3,2025-12-15,2025,DIS,3,KETAM RENJONG,Blue Swimming Crab,27.44,32.38,M53.DIS_5.2025
2025-DIS-W3,2025-12-15,2025,DIS,3,MERAH,Red Snapper,32.5,36.32,M53.DIS_5.2025
2025-DIS-W3,2025-12-15,2025,DIS,3,PELALING,Pelaling (Herring sp.),10.94,13.21,M53.DIS_5.2025
2025-DIS-W3,2025-12-15,2025,DIS,3,SELAR,Yellowtail Scad,13.5,15.6,M53.DIS_5.2025
2025-DIS-W3,2025-12-15,2025,DIS,3,SELAR KUNING,Yellowstripe Scad,8.88,12.47,M53.DIS_5.2025
2025-DIS-W3,2025-12-15,2025,DIS,3,SELAYANG,Moonfish / Round Scad,10.08,12.78,M53.DIS_5.2025
2025-DIS-W3,2025-12-15,2025,DIS,3,SIAKAP,Barramundi / Asian Sea Bass,16.05,20.89,M53.DIS_5.2025
2025-DIS-W3,2025-12-15,2025,DIS,3,SOTONG BIASA,Common Squid,28.99,32.73,M53.DIS_5.2025
2025-DIS-W3,2025-12-15,2025,DIS,3,TENGGIRI BATANG,Spanish Mackerel,29.29,32.82,M53.DIS_5.2025
2025-DIS-W3,2025-12-15,2025,DIS,3,TILAPIA MERAH,Red Tilapia,11.64,15.09,M53.DIS_5.2025
2025-DIS-W3,2025-12-15,2025,DIS,3,UDANG PUTIH BESAR,Large White Shrimp,45.66,54.73,M53.DIS_5.2025
2025-DIS-W3,2025-12-15,2025,DIS,3,UDANG VANNAMEI,Vannamei Shrimp,27.36,32.27,M53.DIS_5.2025
2025-DIS-W4,2025-12-22,2025,DIS,4,AYA KURIK,Frigate Tuna,10.62,12.99,M53.DIS_5.2025
2025-DIS-W4,2025-12-22,2025,DIS,4,BAWAL HITAM,Black Pomfret,24.29,28.39,M53.DIS_5.2025
2025-DIS-W4,2025-12-22,2025,DIS,4,BAWAL PUTIH,Silver Pomfret,35.6,44.97,M53.DIS_5.2025
2025-DIS-W4,2025-12-22,2025,DIS,4,CENCARU,Hardtail Scad,8.81,12.1,M53.DIS_5.2025
2025-DIS-W4,2025-12-22,2025,DIS,4,KELI,Catfish,7.61,10.73,M53.DIS_5.2025
2025-DIS-W4,2025-12-22,2025,DIS,4,KEMBUNG,Indian Mackerel,12.99,15.96,M53.DIS_5.2025
2025-DIS-W4,2025-12-22,2025,DIS,4,KERAPU,Grouper,27.13,30.24,M53.DIS_5.2025
2025-DIS-W4,2025-12-22,2025,DIS,4,KERISI,Threadfin Bream,11.85,13.84,M53.DIS_5.2025
2025-DIS-W4,2025-12-22,2025,DIS,4,KETAM RENJONG,Blue Swimming Crab,28.63,33.14,M53.DIS_5.2025
2025-DIS-W4,2025-12-22,2025,DIS,4,MERAH,Red Snapper,32.36,36.83,M53.DIS_5.2025
2025-DIS-W4,2025-12-22,2025,DIS,4,PELALING,Pelaling (Herring sp.),11.19,13.69,M53.DIS_5.2025
2025-DIS-W4,2025-12-22,2025,DIS,4,SELAR,Yellowtail Scad,12.73,16.05,M53.DIS_5.2025
2025-DIS-W4,2025-12-22,2025,DIS,4,SELAR KUNING,Yellowstripe Scad,9.09,12.8,M53.DIS_5.2025
2025-DIS-W4,2025-12-22,2025,DIS,4,SELAYANG,Moonfish / Round Scad,9.89,12.69,M53.DIS_5.2025
2025-DIS-W4,2025-12-22,2025,DIS,4,SIAKAP,Barramundi / Asian Sea Bass,16.45,20.07,M53.DIS_5.2025
2025-DIS-W4,2025-12-22,2025,DIS,4,SOTONG BIASA,Common Squid,28.83,33.76,M53.DIS_5.2025
2025-DIS-W4,2025-12-22,2025,DIS,4,TENGGIRI BATANG,Spanish Mackerel,29.72,33.32,M53.DIS_5.2025
2025-DIS-W4,2025-12-22,2025,DIS,4,TILAPIA MERAH,Red Tilapia,11.43,15.46,M53.DIS_5.2025
2025-DIS-W4,2025-12-22,2025,DIS,4,UDANG PUTIH BESAR,Large White Shrimp,46.69,55.24,M53.DIS_5.2025
2025-DIS-W4,2025-12-22,2025,DIS,4,UDANG VANNAMEI,Vannamei Shrimp,27.54,32.29,M53.DIS_5.2025
2025-DIS-W5,2025-12-29,2025,DIS,5,AYA KURIK,Frigate Tuna,10.7,13.29,M53.DIS_5.2025
2025-DIS-W5,2025-12-29,2025,DIS,5,BAWAL HITAM,Black Pomfret,24.19,27.04,M53.DIS_5.2025
2025-DIS-W5,2025-12-29,2025,DIS,5,BAWAL PUTIH,Silver Pomfret,36.67,45.42,M53.DIS_5.2025
2025-DIS-W5,2025-12-29,2025,DIS,5,CENCARU,Hardtail Scad,8.47,11.82,M53.DIS_5.2025
2025-DIS-W5,2025-12-29,2025,DIS,5,KELI,Catfish,7.53,10.73,M53.DIS_5.2025
2025-DIS-W5,2025-12-29,2025,DIS,5,KEMBUNG,Indian Mackerel,13.51,15.81,M53.DIS_5.2025
2025-DIS-W5,2025-12-29,2025,DIS,5,KERAPU,Grouper,27.2,29.97,M53.DIS_5.2025
2025-DIS-W5,2025-12-29,2025,DIS,5,KERISI,Threadfin Bream,11.84,14.4,M53.DIS_5.2025
2025-DIS-W5,2025-12-29,2025,DIS,5,KETAM RENJONG,Blue Swimming Crab,27.67,33.51,M53.DIS_5.2025
2025-DIS-W5,2025-12-29,2025,DIS,5,MERAH,Red Snapper,32.17,36.55,M53.DIS_5.2025
2025-DIS-W5,2025-12-29,2025,DIS,5,PELALING,Pelaling (Herring sp.),11.66,13.37,M53.DIS_5.2025
2025-DIS-W5,2025-12-29,2025,DIS,5,SELAR,Yellowtail Scad,12.45,16.53,M53.DIS_5.2025
2025-DIS-W5,2025-12-29,2025,DIS,5,SELAR KUNING,Yellowstripe Scad,9.67,12.64,M53.DIS_5.2025
2025-DIS-W5,2025-12-29,2025,DIS,5,SELAYANG,Moonfish / Round Scad,10.09,12.71,M53.DIS_5.2025
2025-DIS-W5,2025-12-29,2025,DIS,5,SIAKAP,Barramundi / Asian Sea Bass,16.4,20.19,M53.DIS_5.2025
2025-DIS-W5,2025-12-29,2025,DIS,5,SOTONG BIASA,Common Squid,28.59,34.0,M53.DIS_5.2025
2025-DIS-W5,2025-12-29,2025,DIS,5,TENGGIRI BATANG,Spanish Mackerel,29.81,34.33,M53.DIS_5.2025
2025-DIS-W5,2025-12-29,2025,DIS,5,TILAPIA MERAH,Red Tilapia,11.59,15.45,M53.DIS_5.2025
2025-DIS-W5,2025-12-29,2025,DIS,5,UDANG PUTIH BESAR,Large White Shrimp,47.1,56.15,M53.DIS_5.2025
2025-DIS-W5,2025-12-29,2025,DIS,5,UDANG VANNAMEI,Vannamei Shrimp,27.3,32.55,M53.DIS_5.2025
2025-JAN-W1,2025-01-01,2025,JAN,1,AYA KURIK,Frigate Tuna,9.39,11.47,M01.JAN_1.2025
2025-JAN-W1,2025-01-01,2025,JAN,1,BAWAL HITAM,Black Pomfret,23.02,26.37,M01.JAN_1.2025
2025-JAN-W1,2025-01-01,2025,JAN,1,BAWAL PUTIH,Silver Pomfret,36.28,50.81,M01.JAN_1.2025
2025-JAN-W1,2025-01-01,2025,JAN,1,CENCARU,Hardtail Scad,8.54,10.7,M01.JAN_1.2025
2025-JAN-W1,2025-01-01,2025,JAN,1,KELI,Catfish,7.0,10.19,M01.JAN_1.2025
2025-JAN-W1,2025-01-01,2025,JAN,1,KEMBUNG,Indian Mackerel,12.25,14.42,M01.JAN_1.2025
2025-JAN-W1,2025-01-01,2025,JAN,1,KERAPU,Grouper,25.73,28.91,M01.JAN_1.2025
2025-JAN-W1,2025-01-01,2025,JAN,1,KERISI,Threadfin Bream,10.16,14.98,M01.JAN_1.2025
2025-JAN-W1,2025-01-01,2025,JAN,1,KETAM RENJONG,Blue Swimming Crab,28.28,28.54,M01.JAN_1.2025
2025-JAN-W1,2025-01-01,2025,JAN,1,MERAH,Red Snapper,32.14,33.75,M01.JAN_1.2025
2025-JAN-W1,2025-01-01,2025,JAN,1,PELALING,Pelaling (Herring sp.),9.12,12.85,M01.JAN_1.2025
2025-JAN-W1,2025-01-01,2025,JAN,1,SELAR,Yellowtail Scad,13.21,15.82,M01.JAN_1.2025
2025-JAN-W1,2025-01-01,2025,JAN,1,SELAR KUNING,Yellowstripe Scad,9.15,13.38,M01.JAN_1.2025
2025-JAN-W1,2025-01-01,2025,JAN,1,SELAYANG,Moonfish / Round Scad,9.22,11.65,M01.JAN_1.2025
2025-JAN-W1,2025-01-01,2025,JAN,1,SIAKAP,Barramundi / Asian Sea Bass,15.21,20.96,M01.JAN_1.2025
2025-JAN-W1,2025-01-01,2025,JAN,1,SOTONG BIASA,Common Squid,27.31,30.01,M01.JAN_1.2025
2025-JAN-W1,2025-01-01,2025,JAN,1,TENGGIRI BATANG,Spanish Mackerel,28.82,29.1,M01.JAN_1.2025
2025-JAN-W1,2025-01-01,2025,JAN,1,TILAPIA MERAH,Red Tilapia,10.75,14.35,M01.JAN_1.2025
2025-JAN-W1,2025-01-01,2025,JAN,1,UDANG PUTIH BESAR,Large White Shrimp,49.24,53.67,M01.JAN_1.2025
2025-JAN-W1,2025-01-01,2025,JAN,1,UDANG VANNAMEI,Vannamei Shrimp,26.98,31.13,M01.JAN_1.2025
2025-JAN-W2,2025-01-08,2025,JAN,2,AYA KURIK,Frigate Tuna,9.53,11.66,M03.JAN_3.2025
2025-JAN-W2,2025-01-08,2025,JAN,2,BAWAL HITAM,Black Pomfret,22.58,26.08,M03.JAN_3.2025
2025-JAN-W2,2025-01-08,2025,JAN,2,BAWAL PUTIH,Silver Pomfret,35.5,48.1,M03.JAN_3.2025
2025-JAN-W2,2025-01-08,2025,JAN,2,CENCARU,Hardtail Scad,8.18,10.5,M03.JAN_3.2025
2025-JAN-W2,2025-01-08,2025,JAN,2,KELI,Catfish,7.19,10.55,M03.JAN_3.2025
2025-JAN-W2,2025-01-08,2025,JAN,2,KEMBUNG,Indian Mackerel,11.4,13.39,M03.JAN_3.2025
2025-JAN-W2,2025-01-08,2025,JAN,2,KERAPU,Grouper,26.68,29.77,M03.JAN_3.2025
2025-JAN-W2,2025-01-08,2025,JAN,2,KERISI,Threadfin Bream,10.29,14.68,M03.JAN_3.2025
2025-JAN-W2,2025-01-08,2025,JAN,2,KETAM RENJONG,Blue Swimming Crab,27.4,28.08,M03.JAN_3.2025
2025-JAN-W2,2025-01-08,2025,JAN,2,MERAH,Red Snapper,32.23,33.42,M03.JAN_3.2025
2025-JAN-W2,2025-01-08,2025,JAN,2,PELALING,Pelaling (Herring sp.),8.75,12.06,M03.JAN_3.2025
2025-JAN-W2,2025-01-08,2025,JAN,2,SELAR,Yellowtail Scad,12.39,15.22,M03.JAN_3.2025
2025-JAN-W2,2025-01-08,2025,JAN,2,SELAR KUNING,Yellowstripe Scad,8.95,13.43,M03.JAN_3.2025
2025-JAN-W2,2025-01-08,2025,JAN,2,SELAYANG,Moonfish / Round Scad,8.55,10.91,M03.JAN_3.2025
2025-JAN-W2,2025-01-08,2025,JAN,2,SIAKAP,Barramundi / Asian Sea Bass,15.35,20.68,M03.JAN_3.2025
2025-JAN-W2,2025-01-08,2025,JAN,2,SOTONG BIASA,Common Squid,26.73,29.23,M03.JAN_3.2025
2025-JAN-W2,2025-01-08,2025,JAN,2,TENGGIRI BATANG,Spanish Mackerel,27.31,29.25,M03.JAN_3.2025
2025-JAN-W2,2025-01-08,2025,JAN,2,TILAPIA MERAH,Red Tilapia,11.14,14.5,M03.JAN_3.2025
2025-JAN-W2,2025-01-08,2025,JAN,2,UDANG PUTIH BESAR,Large White Shrimp,49.53,52.47,M03.JAN_3.2025
2025-JAN-W2,2025-01-08,2025,JAN,2,UDANG VANNAMEI,Vannamei Shrimp,27.18,30.47,M03.JAN_3.2025
2025-JAN-W3,2025-01-15,2025,JAN,3,AYA KURIK,Frigate Tuna,9.37,11.97,M03.JAN_3.2025
2025-JAN-W3,2025-01-15,2025,JAN,3,BAWAL HITAM,Black Pomfret,22.77,25.91,M03.JAN_3.2025
2025-JAN-W3,2025-01-15,2025,JAN,3,BAWAL PUTIH,Silver Pomfret,35.53,49.8,M03.JAN_3.2025
2025-JAN-W3,2025-01-15,2025,JAN,3,CENCARU,Hardtail Scad,8.14,11.04,M03.JAN_3.2025
2025-JAN-W3,2025-01-15,2025,JAN,3,KELI,Catfish,7.33,10.3,M03.JAN_3.2025
2025-JAN-W3,2025-01-15,2025,JAN,3,KEMBUNG,Indian Mackerel,12.02,14.25,M03.JAN_3.2025
2025-JAN-W3,2025-01-15,2025,JAN,3,KERAPU,Grouper,26.39,29.87,M03.JAN_3.2025
2025-JAN-W3,2025-01-15,2025,JAN,3,KERISI,Threadfin Bream,11.1,15.37,M03.JAN_3.2025
2025-JAN-W3,2025-01-15,2025,JAN,3,KETAM RENJONG,Blue Swimming Crab,27.46,29.41,M03.JAN_3.2025
2025-JAN-W3,2025-01-15,2025,JAN,3,MERAH,Red Snapper,31.52,33.11,M03.JAN_3.2025
2025-JAN-W3,2025-01-15,2025,JAN,3,PELALING,Pelaling (Herring sp.),9.14,12.32,M03.JAN_3.2025
2025-JAN-W3,2025-01-15,2025,JAN,3,SELAR,Yellowtail Scad,13.12,15.97,M03.JAN_3.2025
2025-JAN-W3,2025-01-15,2025,JAN,3,SELAR KUNING,Yellowstripe Scad,9.22,13.11,M03.JAN_3.2025
2025-JAN-W3,2025-01-15,2025,JAN,3,SELAYANG,Moonfish / Round Scad,9.31,11.3,M03.JAN_3.2025
2025-JAN-W3,2025-01-15,2025,JAN,3,SIAKAP,Barramundi / Asian Sea Bass,14.91,21.29,M03.JAN_3.2025
2025-JAN-W3,2025-01-15,2025,JAN,3,SOTONG BIASA,Common Squid,26.9,30.66,M03.JAN_3.2025
2025-JAN-W3,2025-01-15,2025,JAN,3,TENGGIRI BATANG,Spanish Mackerel,27.93,29.54,M03.JAN_3.2025
2025-JAN-W3,2025-01-15,2025,JAN,3,TILAPIA MERAH,Red Tilapia,11.64,14.73,M03.JAN_3.2025
2025-JAN-W3,2025-01-15,2025,JAN,3,UDANG PUTIH BESAR,Large White Shrimp,50.68,52.07,M03.JAN_3.2025
2025-JAN-W3,2025-01-15,2025,JAN,3,UDANG VANNAMEI,Vannamei Shrimp,26.21,31.09,M03.JAN_3.2025
2025-MAC-W2,2025-03-08,2025,MAC,2,AYA KURIK,Frigate Tuna,9.05,11.25,M14.APR_1.2025
2025-MAC-W2,2025-03-08,2025,MAC,2,BAWAL HITAM,Black Pomfret,22.35,26.18,M14.APR_1.2025
2025-MAC-W2,2025-03-08,2025,MAC,2,BAWAL PUTIH,Silver Pomfret,36.12,48.61,M14.APR_1.2025
2025-MAC-W2,2025-03-08,2025,MAC,2,CENCARU,Hardtail Scad,8.25,10.72,M14.APR_1.2025
2025-MAC-W2,2025-03-08,2025,MAC,2,KELI,Catfish,7.56,10.99,M14.APR_1.2025
2025-MAC-W2,2025-03-08,2025,MAC,2,KEMBUNG,Indian Mackerel,11.98,13.9,M14.APR_1.2025
2025-MAC-W2,2025-03-08,2025,MAC,2,KERAPU,Grouper,25.87,27.25,M14.APR_1.2025
2025-MAC-W2,2025-03-08,2025,MAC,2,KERISI,Threadfin Bream,10.65,13.89,M14.APR_1.2025
2025-MAC-W2,2025-03-08,2025,MAC,2,KETAM RENJONG,Blue Swimming Crab,27.57,29.18,M14.APR_1.2025
2025-MAC-W2,2025-03-08,2025,MAC,2,MERAH,Red Snapper,32.8,34.48,M14.APR_1.2025
2025-MAC-W2,2025-03-08,2025,MAC,2,PELALING,Pelaling (Herring sp.),8.74,11.83,M14.APR_1.2025
2025-MAC-W2,2025-03-08,2025,MAC,2,SELAR,Yellowtail Scad,12.67,15.01,M14.APR_1.2025
2025-MAC-W2,2025-03-08,2025,MAC,2,SELAR KUNING,Yellowstripe Scad,9.19,12.42,M14.APR_1.2025
2025-MAC-W2,2025-03-08,2025,MAC,2,SELAYANG,Moonfish / Round Scad,8.84,11.01,M14.APR_1.2025
2025-MAC-W2,2025-03-08,2025,MAC,2,SIAKAP,Barramundi / Asian Sea Bass,17.15,20.91,M14.APR_1.2025
2025-MAC-W2,2025-03-08,2025,MAC,2,SOTONG BIASA,Common Squid,28.06,30.65,M14.APR_1.2025
2025-MAC-W2,2025-03-08,2025,MAC,2,TENGGIRI BATANG,Spanish Mackerel,28.2,29.24,M14.APR_1.2025
2025-MAC-W2,2025-03-08,2025,MAC,2,TILAPIA MERAH,Red Tilapia,11.24,15.54,M14.APR_1.2025
2025-MAC-W2,2025-03-08,2025,MAC,2,UDANG PUTIH BESAR,Large White Shrimp,47.35,49.24,M14.APR_1.2025
2025-MAC-W2,2025-03-08,2025,MAC,2,UDANG VANNAMEI,Vannamei Shrimp,27.25,31.18,M14.APR_1.2025
2025-MAC-W3,2025-03-15,2025,MAC,3,AYA KURIK,Frigate Tuna,9.06,11.36,M14.APR_1.2025
2025-MAC-W3,2025-03-15,2025,MAC,3,BAWAL HITAM,Black Pomfret,21.94,26.66,M14.APR_1.2025
2025-MAC-W3,2025-03-15,2025,MAC,3,BAWAL PUTIH,Silver Pomfret,35.84,46.54,M14.APR_1.2025
2025-MAC-W3,2025-03-15,2025,MAC,3,CENCARU,Hardtail Scad,8.21,10.99,M14.APR_1.2025
2025-MAC-W3,2025-03-15,2025,MAC,3,KELI,Catfish,7.45,11.07,M14.APR_1.2025
2025-MAC-W3,2025-03-15,2025,MAC,3,KEMBUNG,Indian Mackerel,12.16,14.06,M14.APR_1.2025
2025-MAC-W3,2025-03-15,2025,MAC,3,KERAPU,Grouper,25.27,27.76,M14.APR_1.2025
2025-MAC-W3,2025-03-15,2025,MAC,3,KERISI,Threadfin Bream,10.7,13.97,M14.APR_1.2025
2025-MAC-W3,2025-03-15,2025,MAC,3,KETAM RENJONG,Blue Swimming Crab,27.0,29.01,M14.APR_1.2025
2025-MAC-W3,2025-03-15,2025,MAC,3,MERAH,Red Snapper,32.63,33.95,M14.APR_1.2025
2025-MAC-W3,2025-03-15,2025,MAC,3,PELALING,Pelaling (Herring sp.),8.64,11.95,M14.APR_1.2025
2025-MAC-W3,2025-03-15,2025,MAC,3,SELAR,Yellowtail Scad,12.15,15.47,M14.APR_1.2025
2025-MAC-W3,2025-03-15,2025,MAC,3,SELAR KUNING,Yellowstripe Scad,9.0,12.46,M14.APR_1.2025
2025-MAC-W3,2025-03-15,2025,MAC,3,SELAYANG,Moonfish / Round Scad,8.4,11.0,M14.APR_1.2025
2025-MAC-W3,2025-03-15,2025,MAC,3,SIAKAP,Barramundi / Asian Sea Bass,17.2,20.83,M14.APR_1.2025
2025-MAC-W3,2025-03-15,2025,MAC,3,SOTONG BIASA,Common Squid,28.0,30.89,M14.APR_1.2025
2025-MAC-W3,2025-03-15,2025,MAC,3,TENGGIRI BATANG,Spanish Mackerel,28.04,29.89,M14.APR_1.2025
2025-MAC-W3,2025-03-15,2025,MAC,3,TILAPIA MERAH,Red Tilapia,11.37,15.3,M14.APR_1.2025
2025-MAC-W3,2025-03-15,2025,MAC,3,UDANG PUTIH BESAR,Large White Shrimp,46.42,48.09,M14.APR_1.2025
2025-MAC-W3,2025-03-15,2025,MAC,3,UDANG VANNAMEI,Vannamei Shrimp,27.68,31.22,M14.APR_1.2025
2025-MAC-W4,2025-03-22,2025,MAC,4,AYA KURIK,Frigate Tuna,8.9,11.88,M14.APR_1.2025
2025-MAC-W4,2025-03-22,2025,MAC,4,BAWAL HITAM,Black Pomfret,22.97,26.77,M14.APR_1.2025
2025-MAC-W4,2025-03-22,2025,MAC,4,BAWAL PUTIH,Silver Pomfret,34.37,46.83,M14.APR_1.2025
2025-MAC-W4,2025-03-22,2025,MAC,4,CENCARU,Hardtail Scad,8.23,11.07,M14.APR_1.2025
2025-MAC-W4,2025-03-22,2025,MAC,4,KELI,Catfish,7.57,10.43,M14.APR_1.2025
2025-MAC-W4,2025-03-22,2025,MAC,4,KEMBUNG,Indian Mackerel,12.41,14.4,M14.APR_1.2025
2025-MAC-W4,2025-03-22,2025,MAC,4,KERAPU,Grouper,26.85,28.81,M14.APR_1.2025
2025-MAC-W4,2025-03-22,2025,MAC,4,KERISI,Threadfin Bream,11.04,14.79,M14.APR_1.2025
2025-MAC-W4,2025-03-22,2025,MAC,4,KETAM RENJONG,Blue Swimming Crab,27.16,29.02,M14.APR_1.2025
2025-MAC-W4,2025-03-22,2025,MAC,4,MERAH,Red Snapper,32.91,34.45,M14.APR_1.2025
2025-MAC-W4,2025-03-22,2025,MAC,4,PELALING,Pelaling (Herring sp.),9.01,12.11,M14.APR_1.2025
2025-MAC-W4,2025-03-22,2025,MAC,4,SELAR,Yellowtail Scad,12.96,15.45,M14.APR_1.2025
2025-MAC-W4,2025-03-22,2025,MAC,4,SELAR KUNING,Yellowstripe Scad,8.91,12.71,M14.APR_1.2025
2025-MAC-W4,2025-03-22,2025,MAC,4,SELAYANG,Moonfish / Round Scad,8.65,11.39,M14.APR_1.2025
2025-MAC-W4,2025-03-22,2025,MAC,4,SIAKAP,Barramundi / Asian Sea Bass,17.13,21.08,M14.APR_1.2025
2025-MAC-W4,2025-03-22,2025,MAC,4,SOTONG BIASA,Common Squid,27.54,30.59,M14.APR_1.2025
2025-MAC-W4,2025-03-22,2025,MAC,4,TENGGIRI BATANG,Spanish Mackerel,28.52,29.65,M14.APR_1.2025
2025-MAC-W4,2025-03-22,2025,MAC,4,TILAPIA MERAH,Red Tilapia,11.6,15.31,M14.APR_1.2025
2025-MAC-W4,2025-03-22,2025,MAC,4,UDANG PUTIH BESAR,Large White Shrimp,46.0,47.8,M14.APR_1.2025
2025-MAC-W4,2025-03-22,2025,MAC,4,UDANG VANNAMEI,Vannamei Shrimp,27.89,32.08,M14.APR_1.2025
2025-APR-W1,2025-04-01,2025,APR,1,AYA KURIK,Frigate Tuna,8.68,11.82,M14.APR_1.2025
2025-APR-W1,2025-04-01,2025,APR,1,BAWAL HITAM,Black Pomfret,23.82,26.96,M14.APR_1.2025
2025-APR-W1,2025-04-01,2025,APR,1,BAWAL PUTIH,Silver Pomfret,34.25,45.55,M14.APR_1.2025
2025-APR-W1,2025-04-01,2025,APR,1,CENCARU,Hardtail Scad,8.85,11.44,M14.APR_1.2025
2025-APR-W1,2025-04-01,2025,APR,1,KELI,Catfish,7.96,10.04,M14.APR_1.2025
2025-APR-W1,2025-04-01,2025,APR,1,KEMBUNG,Indian Mackerel,11.5,14.53,M14.APR_1.2025
2025-APR-W1,2025-04-01,2025,APR,1,KERAPU,Grouper,25.65,29.07,M14.APR_1.2025
2025-APR-W1,2025-04-01,2025,APR,1,KERISI,Threadfin Bream,10.77,14.98,M14.APR_1.2025
2025-APR-W1,2025-04-01,2025,APR,1,KETAM RENJONG,Blue Swimming Crab,26.53,29.0,M14.APR_1.2025
2025-APR-W1,2025-04-01,2025,APR,1,MERAH,Red Snapper,33.67,34.86,M14.APR_1.2025
2025-APR-W1,2025-04-01,2025,APR,1,PELALING,Pelaling (Herring sp.),9.14,12.08,M14.APR_1.2025
2025-APR-W1,2025-04-01,2025,APR,1,SELAR,Yellowtail Scad,12.38,15.16,M14.APR_1.2025
2025-APR-W1,2025-04-01,2025,APR,1,SELAR KUNING,Yellowstripe Scad,8.72,11.64,M14.APR_1.2025
2025-APR-W1,2025-04-01,2025,APR,1,SELAYANG,Moonfish / Round Scad,9.03,11.5,M14.APR_1.2025
2025-APR-W1,2025-04-01,2025,APR,1,SIAKAP,Barramundi / Asian Sea Bass,17.8,21.34,M14.APR_1.2025
2025-APR-W1,2025-04-01,2025,APR,1,SOTONG BIASA,Common Squid,27.63,31.73,M14.APR_1.2025
2025-APR-W1,2025-04-01,2025,APR,1,TENGGIRI BATANG,Spanish Mackerel,28.5,29.26,M14.APR_1.2025
2025-APR-W1,2025-04-01,2025,APR,1,TILAPIA MERAH,Red Tilapia,11.41,14.58,M14.APR_1.2025
2025-APR-W1,2025-04-01,2025,APR,1,UDANG PUTIH BESAR,Large White Shrimp,45.22,48.69,M14.APR_1.2025
2025-APR-W1,2025-04-01,2025,APR,1,UDANG VANNAMEI,Vannamei Shrimp,27.14,31.62,M14.APR_1.2025
2025-MEI-W2,2025-05-08,2025,MEI,2,AYA KURIK,Frigate Tuna,8.93,11.97,M23.JUN_1.2025
2025-MEI-W2,2025-05-08,2025,MEI,2,BAWAL HITAM,Black Pomfret,22.33,26.49,M23.JUN_1.2025
2025-MEI-W2,2025-05-08,2025,MEI,2,BAWAL PUTIH,Silver Pomfret,35.1,45.86,M23.JUN_1.2025
2025-MEI-W2,2025-05-08,2025,MEI,2,CENCARU,Hardtail Scad,8.49,10.97,M23.JUN_1.2025
2025-MEI-W2,2025-05-08,2025,MEI,2,KELI,Catfish,7.62,11.59,M23.JUN_1.2025
2025-MEI-W2,2025-05-08,2025,MEI,2,KEMBUNG,Indian Mackerel,12.13,13.89,M23.JUN_1.2025
2025-MEI-W2,2025-05-08,2025,MEI,2,KERAPU,Grouper,26.18,27.79,M23.JUN_1.2025
2025-MEI-W2,2025-05-08,2025,MEI,2,KERISI,Threadfin Bream,10.97,13.84,M23.JUN_1.2025
2025-MEI-W2,2025-05-08,2025,MEI,2,KETAM RENJONG,Blue Swimming Crab,27.32,30.24,M23.JUN_1.2025
2025-MEI-W2,2025-05-08,2025,MEI,2,MERAH,Red Snapper,33.17,35.21,M23.JUN_1.2025
2025-MEI-W2,2025-05-08,2025,MEI,2,PELALING,Pelaling (Herring sp.),9.59,12.32,M23.JUN_1.2025
2025-MEI-W2,2025-05-08,2025,MEI,2,SELAR,Yellowtail Scad,12.74,15.2,M23.JUN_1.2025
2025-MEI-W2,2025-05-08,2025,MEI,2,SELAR KUNING,Yellowstripe Scad,8.85,12.27,M23.JUN_1.2025
2025-MEI-W2,2025-05-08,2025,MEI,2,SELAYANG,Moonfish / Round Scad,8.48,10.76,M23.JUN_1.2025
2025-MEI-W2,2025-05-08,2025,MEI,2,SIAKAP,Barramundi / Asian Sea Bass,15.61,20.84,M23.JUN_1.2025
2025-MEI-W2,2025-05-08,2025,MEI,2,SOTONG BIASA,Common Squid,26.07,28.42,M23.JUN_1.2025
2025-MEI-W2,2025-05-08,2025,MEI,2,TENGGIRI BATANG,Spanish Mackerel,28.0,27.67,M23.JUN_1.2025
2025-MEI-W2,2025-05-08,2025,MEI,2,TILAPIA MERAH,Red Tilapia,12.2,14.97,M23.JUN_1.2025
2025-MEI-W2,2025-05-08,2025,MEI,2,UDANG PUTIH BESAR,Large White Shrimp,45.57,50.38,M23.JUN_1.2025
2025-MEI-W2,2025-05-08,2025,MEI,2,UDANG VANNAMEI,Vannamei Shrimp,26.86,31.23,M23.JUN_1.2025
2025-MEI-W3,2025-05-15,2025,MEI,3,AYA KURIK,Frigate Tuna,8.56,11.74,M23.JUN_1.2025
2025-MEI-W3,2025-05-15,2025,MEI,3,BAWAL HITAM,Black Pomfret,22.31,27.0,M23.JUN_1.2025
2025-MEI-W3,2025-05-15,2025,MEI,3,BAWAL PUTIH,Silver Pomfret,34.7,43.58,M23.JUN_1.2025
2025-MEI-W3,2025-05-15,2025,MEI,3,CENCARU,Hardtail Scad,8.59,10.67,M23.JUN_1.2025
2025-MEI-W3,2025-05-15,2025,MEI,3,KELI,Catfish,7.34,10.77,M23.JUN_1.2025
2025-MEI-W3,2025-05-15,2025,MEI,3,KEMBUNG,Indian Mackerel,11.52,13.31,M23.JUN_1.2025
2025-MEI-W3,2025-05-15,2025,MEI,3,KERAPU,Grouper,25.76,27.44,M23.JUN_1.2025
2025-MEI-W3,2025-05-15,2025,MEI,3,KERISI,Threadfin Bream,10.63,13.32,M23.JUN_1.2025
2025-MEI-W3,2025-05-15,2025,MEI,3,KETAM RENJONG,Blue Swimming Crab,26.07,29.3,M23.JUN_1.2025
2025-MEI-W3,2025-05-15,2025,MEI,3,MERAH,Red Snapper,33.62,35.73,M23.JUN_1.2025
2025-MEI-W3,2025-05-15,2025,MEI,3,PELALING,Pelaling (Herring sp.),8.95,12.86,M23.JUN_1.2025
2025-MEI-W3,2025-05-15,2025,MEI,3,SELAR,Yellowtail Scad,12.54,14.73,M23.JUN_1.2025
2025-MEI-W3,2025-05-15,2025,MEI,3,SELAR KUNING,Yellowstripe Scad,8.55,12.19,M23.JUN_1.2025
2025-MEI-W3,2025-05-15,2025,MEI,3,SELAYANG,Moonfish / Round Scad,8.33,10.99,M23.JUN_1.2025
2025-MEI-W3,2025-05-15,2025,MEI,3,SIAKAP,Barramundi / Asian Sea Bass,15.48,20.33,M23.JUN_1.2025
2025-MEI-W3,2025-05-15,2025,MEI,3,SOTONG BIASA,Common Squid,25.68,28.11,M23.JUN_1.2025
2025-MEI-W3,2025-05-15,2025,MEI,3,TENGGIRI BATANG,Spanish Mackerel,27.9,28.27,M23.JUN_1.2025
2025-MEI-W3,2025-05-15,2025,MEI,3,TILAPIA MERAH,Red Tilapia,11.04,14.24,M23.JUN_1.2025
2025-MEI-W3,2025-05-15,2025,MEI,3,UDANG PUTIH BESAR,Large White Shrimp,46.62,50.65,M23.JUN_1.2025
2025-MEI-W3,2025-05-15,2025,MEI,3,UDANG VANNAMEI,Vannamei Shrimp,26.73,30.96,M23.JUN_1.2025
2025-MEI-W4,2025-05-22,2025,MEI,4,AYA KURIK,Frigate Tuna,8.15,11.32,M23.JUN_1.2025
2025-MEI-W4,2025-05-22,2025,MEI,4,BAWAL HITAM,Black Pomfret,22.18,26.56,M23.JUN_1.2025
2025-MEI-W4,2025-05-22,2025,MEI,4,BAWAL PUTIH,Silver Pomfret,33.78,42.2,M23.JUN_1.2025
2025-MEI-W4,2025-05-22,2025,MEI,4,CENCARU,Hardtail Scad,8.72,10.61,M23.JUN_1.2025
2025-MEI-W4,2025-05-22,2025,MEI,4,KELI,Catfish,7.24,10.53,M23.JUN_1.2025
2025-MEI-W4,2025-05-22,2025,MEI,4,KEMBUNG,Indian Mackerel,11.45,13.07,M23.JUN_1.2025
2025-MEI-W4,2025-05-22,2025,MEI,4,KERAPU,Grouper,25.18,27.89,M23.JUN_1.2025
2025-MEI-W4,2025-05-22,2025,MEI,4,KERISI,Threadfin Bream,10.65,13.12,M23.JUN_1.2025
2025-MEI-W4,2025-05-22,2025,MEI,4,KETAM RENJONG,Blue Swimming Crab,25.32,28.6,M23.JUN_1.2025
2025-MEI-W4,2025-05-22,2025,MEI,4,MERAH,Red Snapper,33.06,35.88,M23.JUN_1.2025
2025-MEI-W4,2025-05-22,2025,MEI,4,PELALING,Pelaling (Herring sp.),9.64,12.2,M23.JUN_1.2025
2025-MEI-W4,2025-05-22,2025,MEI,4,SELAR,Yellowtail Scad,12.36,14.31,M23.JUN_1.2025
2025-MEI-W4,2025-05-22,2025,MEI,4,SELAR KUNING,Yellowstripe Scad,8.88,11.79,M23.JUN_1.2025
2025-MEI-W4,2025-05-22,2025,MEI,4,SELAYANG,Moonfish / Round Scad,8.07,10.84,M23.JUN_1.2025
2025-MEI-W4,2025-05-22,2025,MEI,4,SIAKAP,Barramundi / Asian Sea Bass,15.65,20.38,M23.JUN_1.2025
2025-MEI-W4,2025-05-22,2025,MEI,4,SOTONG BIASA,Common Squid,25.31,27.47,M23.JUN_1.2025
2025-MEI-W4,2025-05-22,2025,MEI,4,TENGGIRI BATANG,Spanish Mackerel,28.17,29.05,M23.JUN_1.2025
2025-MEI-W4,2025-05-22,2025,MEI,4,TILAPIA MERAH,Red Tilapia,10.72,14.45,M23.JUN_1.2025
2025-MEI-W4,2025-05-22,2025,MEI,4,UDANG PUTIH BESAR,Large White Shrimp,45.85,50.35,M23.JUN_1.2025
2025-MEI-W4,2025-05-22,2025,MEI,4,UDANG VANNAMEI,Vannamei Shrimp,27.03,30.32,M23.JUN_1.2025
2025-JUN-W1,2025-06-01,2025,JUN,1,AYA KURIK,Frigate Tuna,8.42,11.33,M23.JUN_1.2025
2025-JUN-W1,2025-06-01,2025,JUN,1,BAWAL HITAM,Black Pomfret,22.02,27.09,M23.JUN_1.2025
2025-JUN-W1,2025-06-01,2025,JUN,1,BAWAL PUTIH,Silver Pomfret,34.88,43.35,M23.JUN_1.2025
2025-JUN-W1,2025-06-01,2025,JUN,1,CENCARU,Hardtail Scad,8.48,10.38,M23.JUN_1.2025
2025-JUN-W1,2025-06-01,2025,JUN,1,KELI,Catfish,7.59,10.32,M23.JUN_1.2025
2025-JUN-W1,2025-06-01,2025,JUN,1,KEMBUNG,Indian Mackerel,10.87,13.24,M23.JUN_1.2025
2025-JUN-W1,2025-06-01,2025,JUN,1,KERAPU,Grouper,24.59,26.6,M23.JUN_1.2025
2025-JUN-W1,2025-06-01,2025,JUN,1,KERISI,Threadfin Bream,10.53,13.22,M23.JUN_1.2025
2025-JUN-W1,2025-06-01,2025,JUN,1,KETAM RENJONG,Blue Swimming Crab,26.0,29.44,M23.JUN_1.2025
2025-JUN-W1,2025-06-01,2025,JUN,1,MERAH,Red Snapper,33.94,36.31,M23.JUN_1.2025
2025-JUN-W1,2025-06-01,2025,JUN,1,PELALING,Pelaling (Herring sp.),9.22,12.23,M23.JUN_1.2025
2025-JUN-W1,2025-06-01,2025,JUN,1,SELAR,Yellowtail Scad,12.54,13.8,M23.JUN_1.2025
2025-JUN-W1,2025-06-01,2025,JUN,1,SELAR KUNING,Yellowstripe Scad,9.0,11.72,M23.JUN_1.2025
2025-JUN-W1,2025-06-01,2025,JUN,1,SELAYANG,Moonfish / Round Scad,8.07,10.9,M23.JUN_1.2025
2025-JUN-W1,2025-06-01,2025,JUN,1,SIAKAP,Barramundi / Asian Sea Bass,15.88,20.2,M23.JUN_1.2025
2025-JUN-W1,2025-06-01,2025,JUN,1,SOTONG BIASA,Common Squid,26.46,29.2,M23.JUN_1.2025
2025-JUN-W1,2025-06-01,2025,JUN,1,TENGGIRI BATANG,Spanish Mackerel,27.88,28.08,M23.JUN_1.2025
2025-JUN-W1,2025-06-01,2025,JUN,1,TILAPIA MERAH,Red Tilapia,10.83,14.23,M23.JUN_1.2025
2025-JUN-W1,2025-06-01,2025,JUN,1,UDANG PUTIH BESAR,Large White Shrimp,44.81,50.34,M23.JUN_1.2025
2025-JUN-W1,2025-06-01,2025,JUN,1,UDANG VANNAMEI,Vannamei Shrimp,27.0,31.16,M23.JUN_1.2025
2025-OKT-W3,2025-10-15,2025,OKT,3,AYA KURIK,Frigate Tuna,8.9,12.94,M45.NOV_1.2025
2025-OKT-W3,2025-10-15,2025,OKT,3,BAWAL HITAM,Black Pomfret,23.69,26.71,M45.NOV_1.2025
2025-OKT-W3,2025-10-15,2025,OKT,3,BAWAL PUTIH,Silver Pomfret,33.57,40.8,M45.NOV_1.2025
2025-OKT-W3,2025-10-15,2025,OKT,3,CENCARU,Hardtail Scad,8.51,11.32,M45.NOV_1.2025
2025-OKT-W3,2025-10-15,2025,OKT,3,KELI,Catfish,7.95,10.84,M45.NOV_1.2025
2025-OKT-W3,2025-10-15,2025,OKT,3,KEMBUNG,Indian Mackerel,12.43,15.03,M45.NOV_1.2025
2025-OKT-W3,2025-10-15,2025,OKT,3,KERAPU,Grouper,23.71,26.3,M45.NOV_1.2025
2025-OKT-W3,2025-10-15,2025,OKT,3,KERISI,Threadfin Bream,10.5,13.83,M45.NOV_1.2025
2025-OKT-W3,2025-10-15,2025,OKT,3,KETAM RENJONG,Blue Swimming Crab,27.45,31.15,M45.NOV_1.2025
2025-OKT-W3,2025-10-15,2025,OKT,3,MERAH,Red Snapper,32.18,34.34,M45.NOV_1.2025
2025-OKT-W3,2025-10-15,2025,OKT,3,PELALING,Pelaling (Herring sp.),10.85,13.13,M45.NOV_1.2025
2025-OKT-W3,2025-10-15,2025,OKT,3,SELAR,Yellowtail Scad,13.34,15.47,M45.NOV_1.2025
2025-OKT-W3,2025-10-15,2025,OKT,3,SELAR KUNING,Yellowstripe Scad,8.93,11.6,M45.NOV_1.2025
2025-OKT-W3,2025-10-15,2025,OKT,3,SELAYANG,Moonfish / Round Scad,8.87,11.29,M45.NOV_1.2025
2025-OKT-W3,2025-10-15,2025,OKT,3,SIAKAP,Barramundi / Asian Sea Bass,16.47,20.54,M45.NOV_1.2025
2025-OKT-W3,2025-10-15,2025,OKT,3,SOTONG BIASA,Common Squid,28.57,31.61,M45.NOV_1.2025
2025-OKT-W3,2025-10-15,2025,OKT,3,TENGGIRI BATANG,Spanish Mackerel,29.4,29.56,M45.NOV_1.2025
2025-OKT-W3,2025-10-15,2025,OKT,3,TILAPIA MERAH,Red Tilapia,11.48,14.78,M45.NOV_1.2025
2025-OKT-W3,2025-10-15,2025,OKT,3,UDANG PUTIH BESAR,Large White Shrimp,44.6,50.95,M45.NOV_1.2025
2025-OKT-W3,2025-10-15,2025,OKT,3,UDANG VANNAMEI,Vannamei Shrimp,26.39,30.54,M45.NOV_1.2025
2025-OKT-W4,2025-10-22,2025,OKT,4,AYA KURIK,Frigate Tuna,9.36,13.15,M45.NOV_1.2025
2025-OKT-W4,2025-10-22,2025,OKT,4,BAWAL HITAM,Black Pomfret,23.86,26.74,M45.NOV_1.2025
2025-OKT-W4,2025-10-22,2025,OKT,4,BAWAL PUTIH,Silver Pomfret,33.88,41.41,M45.NOV_1.2025
2025-OKT-W4,2025-10-22,2025,OKT,4,CENCARU,Hardtail Scad,8.6,11.01,M45.NOV_1.2025
2025-OKT-W4,2025-10-22,2025,OKT,4,KELI,Catfish,8.0,10.49,M45.NOV_1.2025
2025-OKT-W4,2025-10-22,2025,OKT,4,KEMBUNG,Indian Mackerel,12.17,15.03,M45.NOV_1.2025
2025-OKT-W4,2025-10-22,2025,OKT,4,KERAPU,Grouper,24.85,25.91,M45.NOV_1.2025
2025-OKT-W4,2025-10-22,2025,OKT,4,KERISI,Threadfin Bream,11.16,13.69,M45.NOV_1.2025
2025-OKT-W4,2025-10-22,2025,OKT,4,KETAM RENJONG,Blue Swimming Crab,27.97,30.83,M45.NOV_1.2025
2025-OKT-W4,2025-10-22,2025,OKT,4,MERAH,Red Snapper,32.5,34.33,M45.NOV_1.2025
2025-OKT-W4,2025-10-22,2025,OKT,4,PELALING,Pelaling (Herring sp.),10.3,13.18,M45.NOV_1.2025
2025-OKT-W4,2025-10-22,2025,OKT,4,SELAR,Yellowtail Scad,12.88,16.14,M45.NOV_1.2025
2025-OKT-W4,2025-10-22,2025,OKT,4,SELAR KUNING,Yellowstripe Scad,8.3,11.54,M45.NOV_1.2025
2025-OKT-W4,2025-10-22,2025,OKT,4,SELAYANG,Moonfish / Round Scad,8.89,11.64,M45.NOV_1.2025
2025-OKT-W4,2025-10-22,2025,OKT,4,SIAKAP,Barramundi / Asian Sea Bass,16.33,20.93,M45.NOV_1.2025
2025-OKT-W4,2025-10-22,2025,OKT,4,SOTONG BIASA,Common Squid,28.78,31.85,M45.NOV_1.2025
2025-OKT-W4,2025-10-22,2025,OKT,4,TENGGIRI BATANG,Spanish Mackerel,29.2,30.32,M45.NOV_1.2025
2025-OKT-W4,2025-10-22,2025,OKT,4,TILAPIA MERAH,Red Tilapia,11.6,15.8,M45.NOV_1.2025
2025-OKT-W4,2025-10-22,2025,OKT,4,UDANG PUTIH BESAR,Large White Shrimp,43.57,49.55,M45.NOV_1.2025
2025-OKT-W4,2025-10-22,2025,OKT,4,UDANG VANNAMEI,Vannamei Shrimp,26.93,31.66,M45.NOV_1.2025
2025-OKT-W5,2025-10-29,2025,OKT,5,AYA KURIK,Frigate Tuna,9.06,12.96,M45.NOV_1.2025
2025-OKT-W5,2025-10-29,2025,OKT,5,BAWAL HITAM,Black Pomfret,23.92,26.64,M45.NOV_1.2025
2025-OKT-W5,2025-10-29,2025,OKT,5,BAWAL PUTIH,Silver Pomfret,34.76,42.1,M45.NOV_1.2025
2025-OKT-W5,2025-10-29,2025,OKT,5,CENCARU,Hardtail Scad,8.43,11.4,M45.NOV_1.2025
2025-OKT-W5,2025-10-29,2025,OKT,5,KELI,Catfish,7.69,10.64,M45.NOV_1.2025
2025-OKT-W5,2025-10-29,2025,OKT,5,KEMBUNG,Indian Mackerel,12.2,15.08,M45.NOV_1.2025
2025-OKT-W5,2025-10-29,2025,OKT,5,KERAPU,Grouper,24.32,26.81,M45.NOV_1.2025
2025-OKT-W5,2025-10-29,2025,OKT,5,KERISI,Threadfin Bream,11.54,14.26,M45.NOV_1.2025
2025-OKT-W5,2025-10-29,2025,OKT,5,KETAM RENJONG,Blue Swimming Crab,27.13,31.44,M45.NOV_1.2025
2025-OKT-W5,2025-10-29,2025,OKT,5,MERAH,Red Snapper,32.17,34.41,M45.NOV_1.2025
2025-OKT-W5,2025-10-29,2025,OKT,5,PELALING,Pelaling (Herring sp.),9.74,12.67,M45.NOV_1.2025
2025-OKT-W5,2025-10-29,2025,OKT,5,SELAR,Yellowtail Scad,12.12,15.83,M45.NOV_1.2025
2025-OKT-W5,2025-10-29,2025,OKT,5,SELAR KUNING,Yellowstripe Scad,8.93,11.92,M45.NOV_1.2025
2025-OKT-W5,2025-10-29,2025,OKT,5,SELAYANG,Moonfish / Round Scad,9.08,11.87,M45.NOV_1.2025
2025-OKT-W5,2025-10-29,2025,OKT,5,SIAKAP,Barramundi / Asian Sea Bass,16.14,19.56,M45.NOV_1.2025
2025-OKT-W5,2025-10-29,2025,OKT,5,SOTONG BIASA,Common Squid,28.54,31.13,M45.NOV_1.2025
2025-OKT-W5,2025-10-29,2025,OKT,5,TENGGIRI BATANG,Spanish Mackerel,28.88,30.24,M45.NOV_1.2025
2025-OKT-W5,2025-10-29,2025,OKT,5,TILAPIA MERAH,Red Tilapia,11.31,15.04,M45.NOV_1.2025
2025-OKT-W5,2025-10-29,2025,OKT,5,UDANG PUTIH BESAR,Large White Shrimp,43.68,52.18,M45.NOV_1.2025
2025-OKT-W5,2025-10-29,2025,OKT,5,UDANG VANNAMEI,Vannamei Shrimp,26.82,30.42,M45.NOV_1.2025
2025-NOV-W1,2025-11-01,2025,NOV,1,AYA KURIK,Frigate Tuna,9.34,12.99,M45.NOV_1.2025
2025-NOV-W1,2025-11-01,2025,NOV,1,BAWAL HITAM,Black Pomfret,23.26,27.62,M45.NOV_1.2025
2025-NOV-W1,2025-11-01,2025,NOV,1,BAWAL PUTIH,Silver Pomfret,34.73,42.73,M45.NOV_1.2025
2025-NOV-W1,2025-11-01,2025,NOV,1,CENCARU,Hardtail Scad,8.4,11.12,M45.NOV_1.2025
2025-NOV-W1,2025-11-01,2025,NOV,1,KELI,Catfish,8.04,10.37,M45.NOV_1.2025
2025-NOV-W1,2025-11-01,2025,NOV,1,KEMBUNG,Indian Mackerel,12.12,15.36,M45.NOV_1.2025
2025-NOV-W1,2025-11-01,2025,NOV,1,KERAPU,Grouper,24.86,27.28,M45.NOV_1.2025
2025-NOV-W1,2025-11-01,2025,NOV,1,KERISI,Threadfin Bream,11.54,14.19,M45.NOV_1.2025
2025-NOV-W1,2025-11-01,2025,NOV,1,KETAM RENJONG,Blue Swimming Crab,27.27,31.19,M45.NOV_1.2025
2025-NOV-W1,2025-11-01,2025,NOV,1,MERAH,Red Snapper,32.0,34.12,M45.NOV_1.2025
2025-NOV-W1,2025-11-01,2025,NOV,1,PELALING,Pelaling (Herring sp.),9.95,12.85,M45.NOV_1.2025
2025-NOV-W1,2025-11-01,2025,NOV,1,SELAR,Yellowtail Scad,12.83,15.63,M45.NOV_1.2025
2025-NOV-W1,2025-11-01,2025,NOV,1,SELAR KUNING,Yellowstripe Scad,9.5,11.53,M45.NOV_1.2025
2025-NOV-W1,2025-11-01,2025,NOV,1,SELAYANG,Moonfish / Round Scad,9.32,11.71,M45.NOV_1.2025
2025-NOV-W1,2025-11-01,2025,NOV,1,SIAKAP,Barramundi / Asian Sea Bass,16.0,20.11,M45.NOV_1.2025
2025-NOV-W1,2025-11-01,2025,NOV,1,SOTONG BIASA,Common Squid,28.13,30.57,M45.NOV_1.2025
2025-NOV-W1,2025-11-01,2025,NOV,1,TENGGIRI BATANG,Spanish Mackerel,28.88,31.37,M45.NOV_1.2025
2025-NOV-W1,2025-11-01,2025,NOV,1,TILAPIA MERAH,Red Tilapia,11.48,14.9,M45.NOV_1.2025
2025-NOV-W1,2025-11-01,2025,NOV,1,UDANG PUTIH BESAR,Large White Shrimp,44.3,52.83,M45.NOV_1.2025
2025-NOV-W1,2025-11-01,2025,NOV,1,UDANG VANNAMEI,Vannamei Shrimp,26.95,30.85,M45.NOV_1.2025
2025-NOV-W2,2025-11-08,2025,NOV,2,AYA KURIK,Frigate Tuna,9.88,12.94,M48.NOV_4.2025
2025-NOV-W2,2025-11-08,2025,NOV,2,BAWAL HITAM,Black Pomfret,23.98,27.45,M48.NOV_4.2025
2025-NOV-W2,2025-11-08,2025,NOV,2,BAWAL PUTIH,Silver Pomfret,34.68,42.65,M48.NOV_4.2025
2025-NOV-W2,2025-11-08,2025,NOV,2,CENCARU,Hardtail Scad,8.56,11.1,M48.NOV_4.2025
2025-NOV-W2,2025-11-08,2025,NOV,2,KELI,Catfish,7.87,10.71,M48.NOV_4.2025
2025-NOV-W2,2025-11-08,2025,NOV,2,KEMBUNG,Indian Mackerel,11.82,15.34,M48.NOV_4.2025
2025-NOV-W2,2025-11-08,2025,NOV,2,KERAPU,Grouper,25.27,28.0,M48.NOV_4.2025
2025-NOV-W2,2025-11-08,2025,NOV,2,KERISI,Threadfin Bream,11.99,13.83,M48.NOV_4.2025
2025-NOV-W2,2025-11-08,2025,NOV,2,KETAM RENJONG,Blue Swimming Crab,27.34,31.29,M48.NOV_4.2025
2025-NOV-W2,2025-11-08,2025,NOV,2,MERAH,Red Snapper,31.9,34.2,M48.NOV_4.2025
2025-NOV-W2,2025-11-08,2025,NOV,2,PELALING,Pelaling (Herring sp.),10.27,12.77,M48.NOV_4.2025
2025-NOV-W2,2025-11-08,2025,NOV,2,SELAR,Yellowtail Scad,13.03,15.74,M48.NOV_4.2025
2025-NOV-W2,2025-11-08,2025,NOV,2,SELAR KUNING,Yellowstripe Scad,9.42,11.27,M48.NOV_4.2025
2025-NOV-W2,2025-11-08,2025,NOV,2,SELAYANG,Moonfish / Round Scad,8.88,11.4,M48.NOV_4.2025
2025-NOV-W2,2025-11-08,2025,NOV,2,SIAKAP,Barramundi / Asian Sea Bass,16.1,19.58,M48.NOV_4.2025
2025-NOV-W2,2025-11-08,2025,NOV,2,SOTONG BIASA,Common Squid,28.23,31.85,M48.NOV_4.2025
2025-NOV-W2,2025-11-08,2025,NOV,2,TENGGIRI BATANG,Spanish Mackerel,28.95,31.76,M48.NOV_4.2025
2025-NOV-W2,2025-11-08,2025,NOV,2,TILAPIA MERAH,Red Tilapia,11.79,15.04,M48.NOV_4.2025
2025-NOV-W2,2025-11-08,2025,NOV,2,UDANG PUTIH BESAR,Large White Shrimp,44.96,51.74,M48.NOV_4.2025
2025-NOV-W2,2025-11-08,2025,NOV,2,UDANG VANNAMEI,Vannamei Shrimp,27.09,31.14,M48.NOV_4.2025
2025-NOV-W3,2025-11-15,2025,NOV,3,AYA KURIK,Frigate Tuna,9.53,12.9,M48.NOV_4.2025
2025-NOV-W3,2025-11-15,2025,NOV,3,BAWAL HITAM,Black Pomfret,24.31,27.26,M48.NOV_4.2025
2025-NOV-W3,2025-11-15,2025,NOV,3,BAWAL PUTIH,Silver Pomfret,34.45,42.93,M48.NOV_4.2025
2025-NOV-W3,2025-11-15,2025,NOV,3,CENCARU,Hardtail Scad,8.93,11.69,M48.NOV_4.2025
2025-NOV-W3,2025-11-15,2025,NOV,3,KELI,Catfish,7.95,10.95,M48.NOV_4.2025
2025-NOV-W3,2025-11-15,2025,NOV,3,KEMBUNG,Indian Mackerel,11.83,15.38,M48.NOV_4.2025
2025-NOV-W3,2025-11-15,2025,NOV,3,KERAPU,Grouper,24.38,27.32,M48.NOV_4.2025
2025-NOV-W3,2025-11-15,2025,NOV,3,KERISI,Threadfin Bream,12.31,13.75,M48.NOV_4.2025
2025-NOV-W3,2025-11-15,2025,NOV,3,KETAM RENJONG,Blue Swimming Crab,28.0,32.06,M48.NOV_4.2025
2025-NOV-W3,2025-11-15,2025,NOV,3,MERAH,Red Snapper,32.18,34.57,M48.NOV_4.2025
2025-NOV-W3,2025-11-15,2025,NOV,3,PELALING,Pelaling (Herring sp.),10.98,13.27,M48.NOV_4.2025
2025-NOV-W3,2025-11-15,2025,NOV,3,SELAR,Yellowtail Scad,12.97,15.28,M48.NOV_4.2025
2025-NOV-W3,2025-11-15,2025,NOV,3,SELAR KUNING,Yellowstripe Scad,8.94,11.5,M48.NOV_4.2025
2025-NOV-W3,2025-11-15,2025,NOV,3,SELAYANG,Moonfish / Round Scad,9.4,11.92,M48.NOV_4.2025
2025-NOV-W3,2025-11-15,2025,NOV,3,SIAKAP,Barramundi / Asian Sea Bass,16.08,20.22,M48.NOV_4.2025
2025-NOV-W3,2025-11-15,2025,NOV,3,SOTONG BIASA,Common Squid,28.68,31.76,M48.NOV_4.2025
2025-NOV-W3,2025-11-15,2025,NOV,3,TENGGIRI BATANG,Spanish Mackerel,29.42,31.97,M48.NOV_4.2025
2025-NOV-W3,2025-11-15,2025,NOV,3,TILAPIA MERAH,Red Tilapia,12.09,15.43,M48.NOV_4.2025
2025-NOV-W3,2025-11-15,2025,NOV,3,UDANG PUTIH BESAR,Large White Shrimp,43.58,52.37,M48.NOV_4.2025
2025-NOV-W3,2025-11-15,2025,NOV,3,UDANG VANNAMEI,Vannamei Shrimp,27.48,31.39,M48.NOV_4.2025
2025-NOV-W4,2025-11-22,2025,NOV,4,AYA KURIK,Frigate Tuna,10.1,13.07,M48.NOV_4.2025
2025-NOV-W4,2025-11-22,2025,NOV,4,BAWAL HITAM,Black Pomfret,24.19,27.41,M48.NOV_4.2025
2025-NOV-W4,2025-11-22,2025,NOV,4,BAWAL PUTIH,Silver Pomfret,34.82,42.74,M48.NOV_4.2025
2025-NOV-W4,2025-11-22,2025,NOV,4,CENCARU,Hardtail Scad,8.5,11.83,M48.NOV_4.2025
2025-NOV-W4,2025-11-22,2025,NOV,4,KELI,Catfish,7.94,10.89,M48.NOV_4.2025
2025-NOV-W4,2025-11-22,2025,NOV,4,KEMBUNG,Indian Mackerel,12.84,15.43,M48.NOV_4.2025
2025-NOV-W4,2025-11-22,2025,NOV,4,KERAPU,Grouper,26.7,28.82,M48.NOV_4.2025
2025-NOV-W4,2025-11-22,2025,NOV,4,KERISI,Threadfin Bream,12.13,13.47,M48.NOV_4.2025
2025-NOV-W4,2025-11-22,2025,NOV,4,KETAM RENJONG,Blue Swimming Crab,26.77,32.39,M48.NOV_4.2025
2025-NOV-W4,2025-11-22,2025,NOV,4,MERAH,Red Snapper,32.13,34.54,M48.NOV_4.2025
2025-NOV-W4,2025-11-22,2025,NOV,4,PELALING,Pelaling (Herring sp.),10.93,13.88,M48.NOV_4.2025
2025-NOV-W4,2025-11-22,2025,NOV,4,SELAR,Yellowtail Scad,12.74,15.46,M48.NOV_4.2025
2025-NOV-W4,2025-11-22,2025,NOV,4,SELAR KUNING,Yellowstripe Scad,9.64,11.93,M48.NOV_4.2025
2025-NOV-W4,2025-11-22,2025,NOV,4,SELAYANG,Moonfish / Round Scad,9.9,12.29,M48.NOV_4.2025
2025-NOV-W4,2025-11-22,2025,NOV,4,SIAKAP,Barramundi / Asian Sea Bass,15.77,20.63,M48.NOV_4.2025
2025-NOV-W4,2025-11-22,2025,NOV,4,SOTONG BIASA,Common Squid,28.56,32.21,M48.NOV_4.2025
2025-NOV-W4,2025-11-22,2025,NOV,4,TENGGIRI BATANG,Spanish Mackerel,29.98,32.29,M48.NOV_4.2025
2025-NOV-W4,2025-11-22,2025,NOV,4,TILAPIA MERAH,Red Tilapia,11.85,15.3,M48.NOV_4.2025
2025-NOV-W4,2025-11-22,2025,NOV,4,UDANG PUTIH BESAR,Large White Shrimp,45.05,54.82,M48.NOV_4.2025
2025-NOV-W4,2025-11-22,2025,NOV,4,UDANG VANNAMEI,Vannamei Shrimp,27.67,31.83,M48.NOV_4.2025
2026-JAN-W1,2026-01-01,2026,JAN,1,AYA KURIK,Frigate Tuna,10.66,13.27,M01.JAN_1.2026
2026-JAN-W1,2026-01-01,2026,JAN,1,BAWAL HITAM,Black Pomfret,24.37,27.2,M01.JAN_1.2026
2026-JAN-W1,2026-01-01,2026,JAN,1,BAWAL PUTIH,Silver Pomfret,36.08,46.04,M01.JAN_1.2026
2026-JAN-W1,2026-01-01,2026,JAN,1,CENCARU,Hardtail Scad,8.92,11.84,M01.JAN_1.2026
2026-JAN-W1,2026-01-01,2026,JAN,1,KELI,Catfish,7.45,10.87,M01.JAN_1.2026
2026-JAN-W1,2026-01-01,2026,JAN,1,KEMBUNG,Indian Mackerel,12.77,15.11,M01.JAN_1.2026
2026-JAN-W1,2026-01-01,2026,JAN,1,KERAPU,Grouper,27.89,30.45,M01.JAN_1.2026
2026-JAN-W1,2026-01-01,2026,JAN,1,KERISI,Threadfin Bream,11.84,13.58,M01.JAN_1.2026
2026-JAN-W1,2026-01-01,2026,JAN,1,KETAM RENJONG,Blue Swimming Crab,28.26,33.87,M01.JAN_1.2026
2026-JAN-W1,2026-01-01,2026,JAN,1,MERAH,Red Snapper,32.7,36.8,M01.JAN_1.2026
2026-JAN-W1,2026-01-01,2026,JAN,1,PELALING,Pelaling (Herring sp.),10.67,13.11,M01.JAN_1.2026
2026-JAN-W1,2026-01-01,2026,JAN,1,SELAR,Yellowtail Scad,13.33,15.74,M01.JAN_1.2026
2026-JAN-W1,2026-01-01,2026,JAN,1,SELAR KUNING,Yellowstripe Scad,9.82,12.67,M01.JAN_1.2026
2026-JAN-W1,2026-01-01,2026,JAN,1,SELAYANG,Moonfish / Round Scad,9.37,12.28,M01.JAN_1.2026
2026-JAN-W1,2026-01-01,2026,JAN,1,SIAKAP,Barramundi / Asian Sea Bass,16.64,20.69,M01.JAN_1.2026
2026-JAN-W1,2026-01-01,2026,JAN,1,SOTONG BIASA,Common Squid,29.82,33.45,M01.JAN_1.2026
2026-JAN-W1,2026-01-01,2026,JAN,1,TENGGIRI BATANG,Spanish Mackerel,29.25,33.08,M01.JAN_1.2026
2026-JAN-W1,2026-01-01,2026,JAN,1,TILAPIA MERAH,Red Tilapia,11.39,15.26,M01.JAN_1.2026
2026-JAN-W1,2026-01-01,2026,JAN,1,UDANG PUTIH BESAR,Large White Shrimp,47.76,55.57,M01.JAN_1.2026
2026-JAN-W1,2026-01-01,2026,JAN,1,UDANG VANNAMEI,Vannamei Shrimp,27.34,32.13,M01.JAN_1.2026