species_malay,month,month_name_ms,landings_tonnes
Aji-Aji,1,Januari,48
Aji-Aji,2,Februari,55
Aji-Aji,3,Mac,62
Aji-Aji,4,April,82
Aji-Aji,5,Mei,89
Aji-Aji,6,Jun,85
Aji-Aji,7,Julai,80
Aji-Aji,8,Ogos,75
Aji-Aji,9,September,79
Aji-Aji,10,Oktober,82
Aji-Aji,11,November,69
Aji-Aji,12,Disember,63
Alu-alu/Kacang-kacang,1,Januari,595
Alu-alu/Kacang-kacang,2,Februari,619
Alu-alu/Kacang-kacang,3,Mac,698
Alu-alu/Kacang-kacang,4,April,633
Alu-alu/Kacang-kacang,5,Mei,702
Alu-alu/Kacang-kacang,6,Jun,694
Alu-alu/Kacang-kacang,7,Julai,855
Alu-alu/Kacang-kacang,8,Ogos,824
Alu-alu/Kacang-kacang,9,September,634
Alu-alu/Kacang-kacang,10,Oktober,756
Alu-alu/Kacang-kacang,11,November,652
Alu-alu/Kacang-kacang,12,Disember,509
Aruan Tasek,1,Januari,45
Aruan Tasek,2,Februari,43
Aruan Tasek,3,Mac,83
Aruan Tasek,4,April,43
Aruan Tasek,5,Mei,46
Aruan Tasek,6,Jun,42
Aruan Tasek,7,Julai,62
Aruan Tasek,8,Ogos,47
Aruan Tasek,9,September,73
Aruan Tasek,10,Oktober,58
Aruan Tasek,11,November,58
Aruan Tasek,12,Disember,56
Baji-Baji,1,Januari,47
Baji-Baji,2,Februari,82
Baji-Baji,3,Mac,62
Baji-Baji,4,April,135
Baji-Baji,5,Mei,134
Baji-Baji,6,Jun,77
Baji-Baji,7,Julai,74
Baji-Baji,8,Ogos,66
Baji-Baji,9,September,67
Baji-Baji,10,Oktober,77
Baji-Baji,11,November,86
Baji-Baji,12,Disember,79
Bawal Bujang,1,Januari,13
Bawal Bujang,2,Februari,8
Bawal Bujang,3,Mac,20
Bawal Bujang,4,April,19
Bawal Bujang,5,Mei,18
Bawal Bujang,6,Jun,21
Bawal Bujang,7,Julai,23
Bawal Bujang,8,Ogos,35
Bawal Bujang,9,September,20
Bawal Bujang,10,Oktober,20
Bawal Bujang,11,November,14
Bawal Bujang,12,Disember,170
Bawal Emas,1,Januari,8
Bawal Emas,2,Februari,9
Bawal Emas,3,Mac,7
Bawal Emas,4,April,7
Bawal Emas,5,Mei,8
Bawal Emas,6,Jun,11
Bawal Emas,7,Julai,9
Bawal Emas,8,Ogos,10
Bawal Emas,9,September,8
Bawal Emas,10,Oktober,7
Bawal Emas,11,November,7
Bawal Emas,12,Disember,7
Bawal Hitam,1,Januari,506
Bawal Hitam,2,Februari,499
Bawal Hitam,3,Mac,1031
Bawal Hitam,4,April,1597
Bawal Hitam,5,Mei,1275
Bawal Hitam,6,Jun,814
Bawal Hitam,7,Julai,835
Bawal Hitam,8,Ogos,836
Bawal Hitam,9,September,746
Bawal Hitam,10,Oktober,682
Bawal Hitam,11,November,660
Bawal Hitam,12,Disember,998
Bawal Putih,1,Januari,625
Bawal Putih,2,Februari,640
Bawal Putih,3,Mac,705
Bawal Putih,4,April,705
Bawal Putih,5,Mei,683
Bawal Putih,6,Jun,724
Bawal Putih,7,Julai,707
Bawal Putih,8,Ogos,690
Bawal Putih,9,September,681
Bawal Putih,10,Oktober,694
Bawal Putih,11,November,689
Bawal Putih,12,Disember,650
Bawal Selatan,1,Januari,257
Bawal Selatan,2,Februari,259
Bawal Selatan,3,Mac,267
Bawal Selatan,4,April,267
Bawal Selatan,5,Mei,262
Bawal Selatan,6,Jun,253
Bawal Selatan,7,Julai,249
Bawal Selatan,8,Ogos,247
Bawal Selatan,9,September,260
Bawal Selatan,10,Oktober,253
Bawal Selatan,11,November,260
Bawal Selatan,12,Disember,253
Bawal Tambak,1,Januari,144
Bawal Tambak,2,Februari,184
Bawal Tambak,3,Mac,208
Bawal Tambak,4,April,206
Bawal Tambak,5,Mei,205
Bawal Tambak,6,Jun,213
Bawal Tambak,7,Julai,219
Bawal Tambak,8,Ogos,208
Bawal Tambak,9,September,194
Bawal Tambak,10,Oktober,156
Bawal Tambak,11,November,172
Bawal Tambak,12,Disember,150
Bayan,1,Januari,65
Bayan,2,Februari,84
Bayan,3,Mac,138
Bayan,4,April,131
Bayan,5,Mei,207
Bayan,6,Jun,164
Bayan,7,Julai,121
Bayan,8,Ogos,150
Bayan,9,September,175
Bayan,10,Oktober,140
Bayan,11,November,50
Bayan,12,Disember,49
Belanak,1,Januari,504
Belanak,2,Februari,465
Belanak,3,Mac,485
Belanak,4,April,546
Belanak,5,Mei,530
Belanak,6,Jun,599
Belanak,7,Julai,550
Belanak,8,Ogos,525
Belanak,9,September,433
Belanak,10,Oktober,428
Belanak,11,November,513
Belanak,12,Disember,461
Belangkas,1,Januari,14
Belangkas,2,Februari,21
Belangkas,3,Mac,15
Belangkas,4,April,18
Belangkas,5,Mei,26
Belangkas,6,Jun,20
Belangkas,7,Julai,22
Belangkas,8,Ogos,23
Belangkas,9,September,20
Belangkas,10,Oktober,23
Belangkas,11,November,20
Belangkas,12,Disember,17
Beliak Mata,1,Januari,505
Beliak Mata,2,Februari,690
Beliak Mata,3,Mac,891
Beliak Mata,4,April,554
Beliak Mata,5,Mei,536
Beliak Mata,6,Jun,492
Beliak Mata,7,Julai,521
Beliak Mata,8,Ogos,778
Beliak Mata,9,September,576
Beliak Mata,10,Oktober,552
Beliak Mata,11,November,548
Beliak Mata,12,Disember,681
Belut,1,Januari,0
Belut,2,Februari,0.48
Belut,3,Mac,0.55
Belut,4,April,0.4
Belut,5,Mei,0.5
Belut,6,Jun,0.5
Belut,7,Julai,0.3
Belut,8,Ogos,0.3
Belut,9,September,0
Belut,10,Oktober,0
Belut,11,November,0.16
Belut,12,Disember,0.5
Benih Kerang,1,Januari,45
Benih Kerang,2,Februari,113
Benih Kerang,3,Mac,114
Benih Kerang,4,April,425
Benih Kerang,5,Mei,1790
Benih Kerang,6,Jun,401
Benih Kerang,7,Julai,25
Benih Kerang,8,Ogos,40
Benih Kerang,9,September,74
Benih Kerang,10,Oktober,23
Benih Kerang,11,November,17
Benih Kerang,12,Disember,21
Biji Nangka,1,Januari,1040
Biji Nangka,2,Februari,1147
Biji Nangka,3,Mac,1255
Biji Nangka,4,April,1112
Biji Nangka,5,Mei,1390
Biji Nangka,6,Jun,1226
Biji Nangka,7,Julai,1039
Biji Nangka,8,Ogos,1080
Biji Nangka,9,September,1117
Biji Nangka,10,Oktober,1203
Biji Nangka,11,November,1258
Biji Nangka,12,Disember,1041
Biji Nangka Tanda Merah,1,Januari,9
Biji Nangka Tanda Merah,2,Februari,11
Biji Nangka Tanda Merah,3,Mac,15
Biji Nangka Tanda Merah,4,April,20
Biji Nangka Tanda Merah,5,Mei,20
Biji Nangka Tanda Merah,6,Jun,14
Biji Nangka Tanda Merah,7,Julai,9
Biji Nangka Tanda Merah,8,Ogos,13
Biji Nangka Tanda Merah,9,September,13
Biji Nangka Tanda Merah,10,Oktober,10
Biji Nangka Tanda Merah,11,November,10
Biji Nangka Tanda Merah,12,Disember,11
Bilis/Bunga Air,1,Januari,945
Bilis/Bunga Air,2,Februari,936
Bilis/Bunga Air,3,Mac,1189
Bilis/Bunga Air,4,April,1199
Bilis/Bunga Air,5,Mei,1453
Bilis/Bunga Air,6,Jun,1260
Bilis/Bunga Air,7,Julai,1576
Bilis/Bunga Air,8,Ogos,1469
Bilis/Bunga Air,9,September,1449
Bilis/Bunga Air,10,Oktober,1100
Bilis/Bunga Air,11,November,1138
Bilis/Bunga Air,12,Disember,876
Bulan-Bulan,1,Januari,46
Bulan-Bulan,2,Februari,36
Bulan-Bulan,3,Mac,46
Bulan-Bulan,4,April,55
Bulan-Bulan,5,Mei,67
Bulan-Bulan,6,Jun,69
Bulan-Bulan,7,Julai,71
Bulan-Bulan,8,Ogos,68
Bulan-Bulan,9,September,64
Bulan-Bulan,10,Oktober,55
Bulan-Bulan,11,November,45
Bulan-Bulan,12,Disember,39
Bulu,1,Januari,12
Bulu,2,Februari,14
Bulu,3,Mac,18
Bulu,4,April,19
Bulu,5,Mei,24
Bulu,6,Jun,27
Bulu,7,Julai,34
Bulu,8,Ogos,41
Bulu,9,September,34
Bulu,10,Oktober,31
Bulu,11,November,27
Bulu,12,Disember,22
Bulu Ayam,1,Januari,126
Bulu Ayam,2,Februari,147
Bulu Ayam,3,Mac,207
Bulu Ayam,4,April,293
Bulu Ayam,5,Mei,315
Bulu Ayam,6,Jun,355
Bulu Ayam,7,Julai,308
Bulu Ayam,8,Ogos,348
Bulu Ayam,9,September,322
Bulu Ayam,10,Oktober,274
Bulu Ayam,11,November,265
Bulu Ayam,12,Disember,254
Cermin/Sagai/Cupak,1,Januari,292
Cermin/Sagai/Cupak,2,Februari,297
Cermin/Sagai/Cupak,3,Mac,351
Cermin/Sagai/Cupak,4,April,367
Cermin/Sagai/Cupak,5,Mei,390
Cermin/Sagai/Cupak,6,Jun,439
Cermin/Sagai/Cupak,7,Julai,397
Cermin/Sagai/Cupak,8,Ogos,393
Cermin/Sagai/Cupak,9,September,396
Cermin/Sagai/Cupak,10,Oktober,354
Cermin/Sagai/Cupak,11,November,331
Cermin/Sagai/Cupak,12,Disember,311
Chaping,1,Januari,25
Chaping,2,Februari,32
Chaping,3,Mac,44
Chaping,4,April,53
Chaping,5,Mei,56
Chaping,6,Jun,55
Chaping,7,Julai,54
Chaping,8,Ogos,57
Chaping,9,September,48
Chaping,10,Oktober,46
Chaping,11,November,43
Chaping,12,Disember,28
Cincaru,1,Januari,2101
Cincaru,2,Februari,2137
Cincaru,3,Mac,2369
Cincaru,4,April,2536
Cincaru,5,Mei,2755
Cincaru,6,Jun,2510
Cincaru,7,Julai,2672
Cincaru,8,Ogos,3177
Cincaru,9,September,2666
Cincaru,10,Oktober,2123
Cincaru,11,November,2066
Cincaru,12,Disember,2013
Cumit-cumit,1,Januari,235
Cumit-cumit,2,Februari,364
Cumit-cumit,3,Mac,288
Cumit-cumit,4,April,364
Cumit-cumit,5,Mei,371
Cumit-cumit,6,Jun,363
Cumit-cumit,7,Julai,329
Cumit-cumit,8,Ogos,412
Cumit-cumit,9,September,403
Cumit-cumit,10,Oktober,375
Cumit-cumit,11,November,371
Cumit-cumit,12,Disember,387
Daun Baharu,1,Januari,125
Daun Baharu,2,Februari,127
Daun Baharu,3,Mac,130
Daun Baharu,4,April,146
Daun Baharu,5,Mei,159
Daun Baharu,6,Jun,184
Daun Baharu,7,Julai,195
Daun Baharu,8,Ogos,194
Daun Baharu,9,September,182
Daun Baharu,10,Oktober,162
Daun Baharu,11,November,154
Daun Baharu,12,Disember,148
Debam,1,Januari,2
Debam,2,Februari,2
Debam,3,Mac,3
Debam,4,April,6
Debam,5,Mei,8
Debam,6,Jun,7
Debam,7,Julai,6
Debam,8,Ogos,6
Debam,9,September,6
Debam,10,Oktober,5
Debam,11,November,5
Debam,12,Disember,4
Delah,1,Januari,129
Delah,2,Februari,96
Delah,3,Mac,132
Delah,4,April,117
Delah,5,Mei,138
Delah,6,Jun,134
Delah,7,Julai,153
Delah,8,Ogos,125
Delah,9,September,112
Delah,10,Oktober,111
Delah,11,November,111
Delah,12,Disember,94
Demudok,1,Januari,436
Demudok,2,Februari,452
Demudok,3,Mac,504
Demudok,4,April,606
Demudok,5,Mei,626
Demudok,6,Jun,624
Demudok,7,Julai,682
Demudok,8,Ogos,654
Demudok,9,September,568
Demudok,10,Oktober,700
Demudok,11,November,536
Demudok,12,Disember,477
Dengkis,1,Januari,123
Dengkis,2,Februari,141
Dengkis,3,Mac,155
Dengkis,4,April,183
Dengkis,5,Mei,211
Dengkis,6,Jun,199
Dengkis,7,Julai,173
Dengkis,8,Ogos,143
Dengkis,9,September,137
Dengkis,10,Oktober,127
Dengkis,11,November,144
Dengkis,12,Disember,159
Duri/Pulutan/Utek,1,Januari,1305
Duri/Pulutan/Utek,2,Februari,1244
Duri/Pulutan/Utek,3,Mac,1465
Duri/Pulutan/Utek,4,April,1868
Duri/Pulutan/Utek,5,Mei,1388
Duri/Pulutan/Utek,6,Jun,1466
Duri/Pulutan/Utek,7,Julai,1574
Duri/Pulutan/Utek,8,Ogos,1465
Duri/Pulutan/Utek,9,September,1472
Duri/Pulutan/Utek,10,Oktober,1523
Duri/Pulutan/Utek,11,November,1802
Duri/Pulutan/Utek,12,Disember,1431
Empirit,1,Januari,8
Empirit,2,Februari,12
Empirit,3,Mac,33
Empirit,4,April,40
Empirit,5,Mei,34
Empirit,6,Jun,32.57
Empirit,7,Julai,42.9
Empirit,8,Ogos,40.5
Empirit,9,September,34
Empirit,10,Oktober,67
Empirit,11,November,38
Empirit,12,Disember,11
Gelama/Tengkerong,1,Januari,2317
Gelama/Tengkerong,2,Februari,2484
Gelama/Tengkerong,3,Mac,2692
Gelama/Tengkerong,4,April,2682
Gelama/Tengkerong,5,Mei,2779
Gelama/Tengkerong,6,Jun,2665
Gelama/Tengkerong,7,Julai,2966
Gelama/Tengkerong,8,Ogos,2840
Gelama/Tengkerong,9,September,2842
Gelama/Tengkerong,10,Oktober,2765
Gelama/Tengkerong,11,November,2707
Gelama/Tengkerong,12,Disember,2593
Gerong-Gerong,1,Januari,7.2
Gerong-Gerong,2,Februari,6
Gerong-Gerong,3,Mac,6
Gerong-Gerong,4,April,9
Gerong-Gerong,5,Mei,21
Gerong-Gerong,6,Jun,8
Gerong-Gerong,7,Julai,13
Gerong-Gerong,8,Ogos,10
Gerong-Gerong,9,September,19
Gerong-Gerong,10,Oktober,14
Gerong-Gerong,11,November,7
Gerong-Gerong,12,Disember,6
Geronggong,1,Januari,60
Geronggong,2,Februari,63.1
Geronggong,3,Mac,75
Geronggong,4,April,98.3
Geronggong,5,Mei,127
Geronggong,6,Jun,113
Geronggong,7,Julai,123
Geronggong,8,Ogos,140.4
Geronggong,9,September,119.8
Geronggong,10,Oktober,135
Geronggong,11,November,102
Geronggong,12,Disember,62
Gerut-Gerut Besar,1,Januari,275
Gerut-Gerut Besar,2,Februari,290
Gerut-Gerut Besar,3,Mac,209
Gerut-Gerut Besar,4,April,241
Gerut-Gerut Besar,5,Mei,249
Gerut-Gerut Besar,6,Jun,255
Gerut-Gerut Besar,7,Julai,258
Gerut-Gerut Besar,8,Ogos,295
Gerut-Gerut Besar,9,September,350
Gerut-Gerut Besar,10,Oktober,271
Gerut-Gerut Besar,11,November,226
Gerut-Gerut Besar,12,Disember,244
Gerut-Gerut Kecil,1,Januari,60
Gerut-Gerut Kecil,2,Februari,62
Gerut-Gerut Kecil,3,Mac,69
Gerut-Gerut Kecil,4,April,66
Gerut-Gerut Kecil,5,Mei,70
Gerut-Gerut Kecil,6,Jun,74
Gerut-Gerut Kecil,7,Julai,70
Gerut-Gerut Kecil,8,Ogos,67
Gerut-Gerut Kecil,9,September,72
Gerut-Gerut Kecil,10,Oktober,61
Gerut-Gerut Kecil,11,November,63
Gerut-Gerut Kecil,12,Disember,65
Gerut-Gerut Sederhana,1,Januari,63
Gerut-Gerut Sederhana,2,Februari,61
Gerut-Gerut Sederhana,3,Mac,67
Gerut-Gerut Sederhana,4,April,54
Gerut-Gerut Sederhana,5,Mei,83
Gerut-Gerut Sederhana,6,Jun,55
Gerut-Gerut Sederhana,7,Julai,82
Gerut-Gerut Sederhana,8,Ogos,85
Gerut-Gerut Sederhana,9,September,72
Gerut-Gerut Sederhana,10,Oktober,88
Gerut-Gerut Sederhana,11,November,96
Gerut-Gerut Sederhana,12,Disember,90
Ikan Baja,1,Januari,15587
Ikan Baja,2,Februari,17245
Ikan Baja,3,Mac,21417
Ikan Baja,4,April,22153
Ikan Baja,5,Mei,23914
Ikan Baja,6,Jun,22988
Ikan Baja,7,Julai,23925
Ikan Baja,8,Ogos,24280
Ikan Baja,9,September,24710
Ikan Baja,10,Oktober,23591
Ikan Baja,11,November,23393
Ikan Baja,12,Disember,19259
Ikan Barat-Barat,1,Januari,50
Ikan Barat-Barat,2,Februari,58
Ikan Barat-Barat,3,Mac,59
Ikan Barat-Barat,4,April,73
Ikan Barat-Barat,5,Mei,56
Ikan Barat-Barat,6,Jun,58
Ikan Barat-Barat,7,Julai,66
Ikan Barat-Barat,8,Ogos,73
Ikan Barat-Barat,9,September,87
Ikan Barat-Barat,10,Oktober,96
Ikan Barat-Barat,11,November,109
Ikan Barat-Barat,12,Disember,73
Ikan Belitong,1,Januari,2
Ikan Belitong,2,Februari,14
Ikan Belitong,3,Mac,40.3
Ikan Belitong,4,April,11
Ikan Belitong,5,Mei,17.2
Ikan Belitong,6,Jun,8
Ikan Belitong,7,Julai,4
Ikan Belitong,8,Ogos,7
Ikan Belitong,9,September,23
Ikan Belitong,10,Oktober,12
Ikan Belitong,11,November,20
Ikan Belitong,12,Disember,11
Ikan Buntal,1,Januari,28
Ikan Buntal,2,Februari,26
Ikan Buntal,3,Mac,33
Ikan Buntal,4,April,40
Ikan Buntal,5,Mei,47
Ikan Buntal,6,Jun,29.9
Ikan Buntal,7,Julai,28
Ikan Buntal,8,Ogos,39.5
Ikan Buntal,9,September,21.5
Ikan Buntal,10,Oktober,21.8
Ikan Buntal,11,November,22
Ikan Buntal,12,Disember,19
Ikan Buntal Kuning,1,Januari,21
Ikan Buntal Kuning,2,Februari,68
Ikan Buntal Kuning,3,Mac,56
Ikan Buntal Kuning,4,April,76
Ikan Buntal Kuning,5,Mei,106
Ikan Buntal Kuning,6,Jun,94
Ikan Buntal Kuning,7,Julai,44
Ikan Buntal Kuning,8,Ogos,65
Ikan Buntal Kuning,9,September,97
Ikan Buntal Kuning,10,Oktober,148
Ikan Buntal Kuning,11,November,125
Ikan Buntal Kuning,12,Disember,55
Ikan Campur,1,Januari,2398
Ikan Campur,2,Februari,3076
Ikan Campur,3,Mac,3358
Ikan Campur,4,April,3635
Ikan Campur,5,Mei,4229
Ikan Campur,6,Jun,4627
Ikan Campur,7,Julai,4898
Ikan Campur,8,Ogos,4815
Ikan Campur,9,September,5179
Ikan Campur,10,Oktober,4882
Ikan Campur,11,November,4375
Ikan Campur,12,Disember,2821
Ikan Jolong-Jolong,1,Januari,3.3
Ikan Jolong-Jolong,2,Februari,6.2
Ikan Jolong-Jolong,3,Mac,8.8
Ikan Jolong-Jolong,4,April,13.7
Ikan Jolong-Jolong,5,Mei,17
Ikan Jolong-Jolong,6,Jun,21.7
Ikan Jolong-Jolong,7,Julai,16
Ikan Jolong-Jolong,8,Ogos,29
Ikan Jolong-Jolong,9,September,47
Ikan Jolong-Jolong,10,Oktober,22.8
Ikan Jolong-Jolong,11,November,25
Ikan Jolong-Jolong,12,Disember,19
Ikan Kapak,1,Januari,4
Ikan Kapak,2,Februari,12.7
Ikan Kapak,3,Mac,4
Ikan Kapak,4,April,4
Ikan Kapak,5,Mei,2
Ikan Kapak,6,Jun,0
Ikan Kapak,7,Julai,4
Ikan Kapak,8,Ogos,1
Ikan Kapak,9,September,2
Ikan Kapak,10,Oktober,2
Ikan Kapak,11,November,3
Ikan Kapak,12,Disember,3.6
Ikan Kerong-Kerong,1,Januari,5.1
Ikan Kerong-Kerong,2,Februari,10
Ikan Kerong-Kerong,3,Mac,11
Ikan Kerong-Kerong,4,April,21
Ikan Kerong-Kerong,5,Mei,17
Ikan Kerong-Kerong,6,Jun,29
Ikan Kerong-Kerong,7,Julai,23
Ikan Kerong-Kerong,8,Ogos,23
Ikan Kerong-Kerong,9,September,15
Ikan Kerong-Kerong,10,Oktober,9
Ikan Kerong-Kerong,11,November,9
Ikan Kerong-Kerong,12,Disember,10
Ikan Susu / Banding,1,Januari,4.2
Ikan Susu / Banding,2,Februari,2.5
Ikan Susu / Banding,3,Mac,4
Ikan Susu / Banding,4,April,6
Ikan Susu / Banding,5,Mei,12
Ikan Susu / Banding,6,Jun,18
Ikan Susu / Banding,7,Julai,11
Ikan Susu / Banding,8,Ogos,25
Ikan Susu / Banding,9,September,36
Ikan Susu / Banding,10,Oktober,19
Ikan Susu / Banding,11,November,18
Ikan Susu / Banding,12,Disember,21
Ikan Tiram,1,Januari,2.6
Ikan Tiram,2,Februari,0.5
Ikan Tiram,3,Mac,2
Ikan Tiram,4,April,10.6
Ikan Tiram,5,Mei,10.7
Ikan Tiram,6,Jun,18
Ikan Tiram,7,Julai,22
Ikan Tiram,8,Ogos,37
Ikan Tiram,9,September,36
Ikan Tiram,10,Oktober,27
Ikan Tiram,11,November,38
Ikan Tiram,12,Disember,37
Impirang,1,Januari,69.4
Impirang,2,Februari,131.16
Impirang,3,Mac,204.4
Impirang,4,April,233.7
Impirang,5,Mei,234.7
Impirang,6,Jun,358.6
Impirang,7,Julai,269.7
Impirang,8,Ogos,261.6
Impirang,9,September,209
Impirang,10,Oktober,159
Impirang,11,November,159
Impirang,12,Disember,92
Jahan/Goh,1,Januari,136
Jahan/Goh,2,Februari,106
Jahan/Goh,3,Mac,148
Jahan/Goh,4,April,154
Jahan/Goh,5,Mei,172
Jahan/Goh,6,Jun,199
Jahan/Goh,7,Julai,248
Jahan/Goh,8,Ogos,234
Jahan/Goh,9,September,204
Jahan/Goh,10,Oktober,175
Jahan/Goh,11,November,150
Jahan/Goh,12,Disember,112
Jamah,1,Januari,57
Jamah,2,Februari,61
Jamah,3,Mac,98
Jamah,4,April,98
Jamah,5,Mei,109
Jamah,6,Jun,129
Jamah,7,Julai,142
Jamah,8,Ogos,168
Jamah,9,September,167
Jamah,10,Oktober,147
Jamah,11,November,109
Jamah,12,Disember,65
Jebong,1,Januari,52
Jebong,2,Februari,43
Jebong,3,Mac,45
Jebong,4,April,48
Jebong,5,Mei,52
Jebong,6,Jun,65
Jebong,7,Julai,63
Jebong,8,Ogos,67
Jebong,9,September,72
Jebong,10,Oktober,54
Jebong,11,November,54
Jebong,12,Disember,53
Jenahak Besar,1,Januari,262
Jenahak Besar,2,Februari,247
Jenahak Besar,3,Mac,264
Jenahak Besar,4,April,329
Jenahak Besar,5,Mei,284
Jenahak Besar,6,Jun,400
Jenahak Besar,7,Julai,394
Jenahak Besar,8,Ogos,388
Jenahak Besar,9,September,358
Jenahak Besar,10,Oktober,342
Jenahak Besar,11,November,282
Jenahak Besar,12,Disember,247
Jenahak Kecil,1,Januari,41
Jenahak Kecil,2,Februari,40
Jenahak Kecil,3,Mac,47
Jenahak Kecil,4,April,56
Jenahak Kecil,5,Mei,61
Jenahak Kecil,6,Jun,69
Jenahak Kecil,7,Julai,73
Jenahak Kecil,8,Ogos,70
Jenahak Kecil,9,September,68
Jenahak Kecil,10,Oktober,64
Jenahak Kecil,11,November,54
Jenahak Kecil,12,Disember,56
Jenahak Sederhana,1,Januari,90
Jenahak Sederhana,2,Februari,88
Jenahak Sederhana,3,Mac,109
Jenahak Sederhana,4,April,121
Jenahak Sederhana,5,Mei,142
Jenahak Sederhana,6,Jun,138
Jenahak Sederhana,7,Julai,142
Jenahak Sederhana,8,Ogos,136
Jenahak Sederhana,9,September,143
Jenahak Sederhana,10,Oktober,130
Jenahak Sederhana,11,November,116
Jenahak Sederhana,12,Disember,116
Kaci,1,Januari,54
Kaci,2,Februari,56
Kaci,3,Mac,80
Kaci,4,April,96
Kaci,5,Mei,108
Kaci,6,Jun,115
Kaci,7,Julai,115
Kaci,8,Ogos,141
Kaci,9,September,128
Kaci,10,Oktober,113
Kaci,11,November,88
Kaci,12,Disember,79
Kapas Laut,1,Januari,109
Kapas Laut,2,Februari,107
Kapas Laut,3,Mac,125
Kapas Laut,4,April,151
Kapas Laut,5,Mei,304
Kapas Laut,6,Jun,172
Kapas Laut,7,Julai,135
Kapas Laut,8,Ogos,130
Kapas Laut,9,September,137
Kapas Laut,10,Oktober,133
Kapas Laut,11,November,109
Kapas Laut,12,Disember,99
Kayu/Tongkol/Aya Hitam,1,Januari,836
Kayu/Tongkol/Aya Hitam,2,Februari,1351
Kayu/Tongkol/Aya Hitam,3,Mac,3295
Kayu/Tongkol/Aya Hitam,4,April,4876
Kayu/Tongkol/Aya Hitam,5,Mei,4053
Kayu/Tongkol/Aya Hitam,6,Jun,2702
Kayu/Tongkol/Aya Hitam,7,Julai,2261
Kayu/Tongkol/Aya Hitam,8,Ogos,2128
Kayu/Tongkol/Aya Hitam,9,September,2307
Kayu/Tongkol/Aya Hitam,10,Oktober,2070
Kayu/Tongkol/Aya Hitam,11,November,2512
Kayu/Tongkol/Aya Hitam,12,Disember,946
Kayu/Tongkol/Aya Kurik,1,Januari,732
Kayu/Tongkol/Aya Kurik,2,Februari,1561
Kayu/Tongkol/Aya Kurik,3,Mac,3307
Kayu/Tongkol/Aya Kurik,4,April,3253
Kayu/Tongkol/Aya Kurik,5,Mei,3888
Kayu/Tongkol/Aya Kurik,6,Jun,2469
Kayu/Tongkol/Aya Kurik,7,Julai,1810
Kayu/Tongkol/Aya Kurik,8,Ogos,1816
Kayu/Tongkol/Aya Kurik,9,September,1883
Kayu/Tongkol/Aya Kurik,10,Oktober,2342
Kayu/Tongkol/Aya Kurik,11,November,1975
Kayu/Tongkol/Aya Kurik,12,Disember,779
Kayu/Tongkol/Aya Peluru,1,Januari,30
Kayu/Tongkol/Aya Peluru,2,Februari,489
Kayu/Tongkol/Aya Peluru,3,Mac,413
Kayu/Tongkol/Aya Peluru,4,April,26
Kayu/Tongkol/Aya Peluru,5,Mei,656
Kayu/Tongkol/Aya Peluru,6,Jun,65
Kayu/Tongkol/Aya Peluru,7,Julai,147.2
Kayu/Tongkol/Aya Peluru,8,Ogos,61.4
Kayu/Tongkol/Aya Peluru,9,September,9
Kayu/Tongkol/Aya Peluru,10,Oktober,46
Kayu/Tongkol/Aya Peluru,11,November,1
Kayu/Tongkol/Aya Peluru,12,Disember,3
Kayu/Tongkol/Aya Selasih,1,Januari,205
Kayu/Tongkol/Aya Selasih,2,Februari,244
Kayu/Tongkol/Aya Selasih,3,Mac,474
Kayu/Tongkol/Aya Selasih,4,April,779
Kayu/Tongkol/Aya Selasih,5,Mei,1030
Kayu/Tongkol/Aya Selasih,6,Jun,789
Kayu/Tongkol/Aya Selasih,7,Julai,634
Kayu/Tongkol/Aya Selasih,8,Ogos,762
Kayu/Tongkol/Aya Selasih,9,September,561
Kayu/Tongkol/Aya Selasih,10,Oktober,894
Kayu/Tongkol/Aya Selasih,11,November,635
Kayu/Tongkol/Aya Selasih,12,Disember,346
Tongkol/Aya Jalur/Skipjack,1,Januari,515.3
Tongkol/Aya Jalur/Skipjack,2,Februari,414.7
Tongkol/Aya Jalur/Skipjack,3,Mac,464.97
Tongkol/Aya Jalur/Skipjack,4,April,389.2
Tongkol/Aya Jalur/Skipjack,5,Mei,154.9
Tongkol/Aya Jalur/Skipjack,6,Jun,115
Tongkol/Aya Jalur/Skipjack,7,Julai,283
Tongkol/Aya Jalur/Skipjack,8,Ogos,425
Tongkol/Aya Jalur/Skipjack,9,September,107
Tongkol/Aya Jalur/Skipjack,10,Oktober,442
Tongkol/Aya Jalur/Skipjack,11,November,481
Tongkol/Aya Jalur/Skipjack,12,Disember,492.2
Kebasi,1,Januari,561
Kebasi,2,Februari,573
Kebasi,3,Mac,418
Kebasi,4,April,376
Kebasi,5,Mei,397
Kebasi,6,Jun,327
Kebasi,7,Julai,325
Kebasi,8,Ogos,315
Kebasi,9,September,306
Kebasi,10,Oktober,312
Kebasi,11,November,643
Kebasi,12,Disember,306
Kedera,1,Januari,37
Kedera,2,Februari,42
Kedera,3,Mac,52
Kedera,4,April,27
Kedera,5,Mei,45
Kedera,6,Jun,41
Kedera,7,Julai,26
Kedera,8,Ogos,17
Kedera,9,September,18
Kedera,10,Oktober,26
Kedera,11,November,57
Kedera,12,Disember,50
Kembong,1,Januari,1781
Kembong,2,Februari,2151
Kembong,3,Mac,3763
Kembong,4,April,4393
Kembong,5,Mei,5052
Kembong,6,Jun,4928
Kembong,7,Julai,4082
Kembong,8,Ogos,3935
Kembong,9,September,3968
Kembong,10,Oktober,4768
Kembong,11,November,4063
Kembong,12,Disember,3556
Kepah,1,Januari,32
Kepah,2,Februari,28
Kepah,3,Mac,50
Kepah,4,April,62
Kepah,5,Mei,57
Kepah,6,Jun,24
Kepah,7,Julai,28
Kepah,8,Ogos,30
Kepah,9,September,34
Kepah,10,Oktober,55
Kepah,11,November,95
Kepah,12,Disember,81
Kerang,1,Januari,60
Kerang,2,Februari,40
Kerang,3,Mac,42
Kerang,4,April,69
Kerang,5,Mei,76
Kerang,6,Jun,82
Kerang,7,Julai,60
Kerang,8,Ogos,73
Kerang,9,September,94
Kerang,10,Oktober,189
Kerang,11,November,175
Kerang,12,Disember,218
Kerapu Besar,1,Januari,420
Kerapu Besar,2,Februari,483
Kerapu Besar,3,Mac,538
Kerapu Besar,4,April,579
Kerapu Besar,5,Mei,560
Kerapu Besar,6,Jun,592
Kerapu Besar,7,Julai,613
Kerapu Besar,8,Ogos,609
Kerapu Besar,9,September,553
Kerapu Besar,10,Oktober,541
Kerapu Besar,11,November,427
Kerapu Besar,12,Disember,460
Kerapu Kecil,1,Januari,60
Kerapu Kecil,2,Februari,54
Kerapu Kecil,3,Mac,78
Kerapu Kecil,4,April,88
Kerapu Kecil,5,Mei,89
Kerapu Kecil,6,Jun,92
Kerapu Kecil,7,Julai,92
Kerapu Kecil,8,Ogos,104
Kerapu Kecil,9,September,104
Kerapu Kecil,10,Oktober,103
Kerapu Kecil,11,November,84
Kerapu Kecil,12,Disember,74
Kerapu Sederhana,1,Januari,133
Kerapu Sederhana,2,Februari,132
Kerapu Sederhana,3,Mac,154
Kerapu Sederhana,4,April,207
Kerapu Sederhana,5,Mei,231
Kerapu Sederhana,6,Jun,236
Kerapu Sederhana,7,Julai,229
Kerapu Sederhana,8,Ogos,234
Kerapu Sederhana,9,September,268
Kerapu Sederhana,10,Oktober,268
Kerapu Sederhana,11,November,223
Kerapu Sederhana,12,Disember,226
Kerepoh,1,Januari,26
Kerepoh,2,Februari,82
Kerepoh,3,Mac,157
Kerepoh,4,April,71
Kerepoh,5,Mei,93
Kerepoh,6,Jun,79
Kerepoh,7,Julai,120
Kerepoh,8,Ogos,86
Kerepoh,9,September,42
Kerepoh,10,Oktober,74
Kerepoh,11,November,73
Kerepoh,12,Disember,33
Kerisi,1,Januari,2331
Kerisi,2,Februari,2705
Kerisi,3,Mac,2945
Kerisi,4,April,3290
Kerisi,5,Mei,3897
Kerisi,6,Jun,3684
Kerisi,7,Julai,3559
Kerisi,8,Ogos,3439
Kerisi,9,September,3403
Kerisi,10,Oktober,3521
Kerisi,11,November,3108
Kerisi,12,Disember,2280
Kerisi Bali,1,Januari,285
Kerisi Bali,2,Februari,246
Kerisi Bali,3,Mac,254
Kerisi Bali,4,April,297
Kerisi Bali,5,Mei,334
Kerisi Bali,6,Jun,321
Kerisi Bali,7,Julai,313
Kerisi Bali,8,Ogos,320
Kerisi Bali,9,September,273
Kerisi Bali,10,Oktober,291
Kerisi Bali,11,November,339
Kerisi Bali,12,Disember,175
Ketam Batu,1,Januari,21
Ketam Batu,2,Februari,22
Ketam Batu,3,Mac,20
Ketam Batu,4,April,19
Ketam Batu,5,Mei,22
Ketam Batu,6,Jun,24
Ketam Batu,7,Julai,22
Ketam Batu,8,Ogos,18
Ketam Batu,9,September,17
Ketam Batu,10,Oktober,15
Ketam Batu,11,November,14
Ketam Batu,12,Disember,13
Ketam Laut,1,Januari,351
Ketam Laut,2,Februari,378
Ketam Laut,3,Mac,455
Ketam Laut,4,April,430
Ketam Laut,5,Mei,499
Ketam Laut,6,Jun,517
Ketam Laut,7,Julai,531
Ketam Laut,8,Ogos,599
Ketam Laut,9,September,586
Ketam Laut,10,Oktober,640
Ketam Laut,11,November,586
Ketam Laut,12,Disember,598
Ketam Nipah,1,Januari,201
Ketam Nipah,2,Februari,197
Ketam Nipah,3,Mac,204
Ketam Nipah,4,April,202
Ketam Nipah,5,Mei,224
Ketam Nipah,6,Jun,207
Ketam Nipah,7,Julai,194
Ketam Nipah,8,Ogos,204
Ketam Nipah,9,September,196
Ketam Nipah,10,Oktober,194
Ketam Nipah,11,November,217
Ketam Nipah,12,Disember,893
Ketam Renjong,1,Januari,517
Ketam Renjong,2,Februari,562
Ketam Renjong,3,Mac,617
Ketam Renjong,4,April,626
Ketam Renjong,5,Mei,660
Ketam Renjong,6,Jun,670
Ketam Renjong,7,Julai,686
Ketam Renjong,8,Ogos,708
Ketam Renjong,9,September,700
Ketam Renjong,10,Oktober,697
Ketam Renjong,11,November,640
Ketam Renjong,12,Disember,514
Ketang/Kitang,1,Januari,17
Ketang/Kitang,2,Februari,16
Ketang/Kitang,3,Mac,35
Ketang/Kitang,4,April,29
Ketang/Kitang,5,Mei,25
Ketang/Kitang,6,Jun,31
Ketang/Kitang,7,Julai,33
Ketang/Kitang,8,Ogos,31
Ketang/Kitang,9,September,23
Ketang/Kitang,10,Oktober,21
Ketang/Kitang,11,November,19
Ketang/Kitang,12,Disember,19
KiKek,1,Januari,407
KiKek,2,Februari,352
KiKek,3,Mac,331
KiKek,4,April,305
KiKek,5,Mei,330
KiKek,6,Jun,352
KiKek,7,Julai,386
KiKek,8,Ogos,369
KiKek,9,September,318
KiKek,10,Oktober,325
KiKek,11,November,335
KiKek,12,Disember,308
Kilat,1,Januari,18
Kilat,2,Februari,25
Kilat,3,Mac,45
Kilat,4,April,44
Kilat,5,Mei,40
Kilat,6,Jun,38
Kilat,7,Julai,55
Kilat,8,Ogos,46
Kilat,9,September,46
Kilat,10,Oktober,34
Kilat,11,November,19
Kilat,12,Disember,5
Kunyit kunyit,1,Januari,49
Kunyit kunyit,2,Februari,58
Kunyit kunyit,3,Mac,77
Kunyit kunyit,4,April,66
Kunyit kunyit,5,Mei,79
Kunyit kunyit,6,Jun,66
Kunyit kunyit,7,Julai,122
Kunyit kunyit,8,Ogos,98
Kunyit kunyit,9,September,108
Kunyit kunyit,10,Oktober,122
Kunyit kunyit,11,November,95
Kunyit kunyit,12,Disember,70
Kupang/Siput Sudu,1,Januari,61
Kupang/Siput Sudu,2,Februari,36
Kupang/Siput Sudu,3,Mac,27
Kupang/Siput Sudu,4,April,69
Kupang/Siput Sudu,5,Mei,43
Kupang/Siput Sudu,6,Jun,19
Kupang/Siput Sudu,7,Julai,12
Kupang/Siput Sudu,8,Ogos,21
Kupang/Siput Sudu,9,September,27
Kupang/Siput Sudu,10,Oktober,15
Kupang/Siput Sudu,11,November,17
Kupang/Siput Sudu,12,Disember,17
Kurau/Senohong,1,Januari,49
Kurau/Senohong,2,Februari,71
Kurau/Senohong,3,Mac,90
Kurau/Senohong,4,April,68
Kurau/Senohong,5,Mei,108
Kurau/Senohong,6,Jun,80
Kurau/Senohong,7,Julai,86
Kurau/Senohong,8,Ogos,88
Kurau/Senohong,9,September,94
Kurau/Senohong,10,Oktober,55
Kurau/Senohong,11,November,70
Kurau/Senohong,12,Disember,39
Lain-Lain Siput,1,Januari,257
Lain-Lain Siput,2,Februari,194
Lain-Lain Siput,3,Mac,169
Lain-Lain Siput,4,April,181
Lain-Lain Siput,5,Mei,181
Lain-Lain Siput,6,Jun,172
Lain-Lain Siput,7,Julai,175
Lain-Lain Siput,8,Ogos,199
Lain-Lain Siput,9,September,222
Lain-Lain Siput,10,Oktober,444
Lain-Lain Siput,11,November,253
Lain-Lain Siput,12,Disember,164
Lala,1,Januari,120
Lala,2,Februari,105
Lala,3,Mac,142
Lala,4,April,183
Lala,5,Mei,133
Lala,6,Jun,61
Lala,7,Julai,54
Lala,8,Ogos,62
Lala,9,September,55
Lala,10,Oktober,42
Lala,11,November,45
Lala,12,Disember,49
Landok,1,Januari,96
Landok,2,Februari,87
Landok,3,Mac,169
Landok,4,April,178
Landok,5,Mei,188
Landok,6,Jun,170
Landok,7,Julai,234
Landok,8,Ogos,167
Landok,9,September,155
Landok,10,Oktober,176
Landok,11,November,71
Landok,12,Disember,85
Layaran,1,Januari,32
Layaran,2,Februari,32
Layaran,3,Mac,26.5
Layaran,4,April,20
Layaran,5,Mei,45
Layaran,6,Jun,26
Layaran,7,Julai,32
Layaran,8,Ogos,36.4
Layaran,9,September,27
Layaran,10,Oktober,91
Layaran,11,November,24
Layaran,12,Disember,13
Lidah,1,Januari,340
Lidah,2,Februari,376
Lidah,3,Mac,390
Lidah,4,April,373
Lidah,5,Mei,412
Lidah,6,Jun,418
Lidah,7,Julai,397
Lidah,8,Ogos,404
Lidah,9,September,361
Lidah,10,Oktober,356
Lidah,11,November,501
Lidah,12,Disember,382
Loban,1,Januari,3
Loban,2,Februari,5
Loban,3,Mac,11
Loban,4,April,15
Loban,5,Mei,65
Loban,6,Jun,59
Loban,7,Julai,28
Loban,8,Ogos,46
Loban,9,September,50
Loban,10,Oktober,24
Loban,11,November,24
Loban,12,Disember,29
Lolong,1,Januari,728
Lolong,2,Februari,1210
Lolong,3,Mac,1766
Lolong,4,April,2370
Lolong,5,Mei,4188
Lolong,6,Jun,3228
Lolong,7,Julai,2604
Lolong,8,Ogos,2451
Lolong,9,September,2554
Lolong,10,Oktober,2428
Lolong,11,November,1710
Lolong,12,Disember,897
Lumi-Lumi,1,Januari,102
Lumi-Lumi,2,Februari,179
Lumi-Lumi,3,Mac,236
Lumi-Lumi,4,April,334
Lumi-Lumi,5,Mei,307
Lumi-Lumi,6,Jun,299
Lumi-Lumi,7,Julai,249
Lumi-Lumi,8,Ogos,246
Lumi-Lumi,9,September,205
Lumi-Lumi,10,Oktober,185
Lumi-Lumi,11,November,186
Lumi-Lumi,12,Disember,135
Lundu,1,Januari,24
Lundu,2,Februari,29
Lundu,3,Mac,37
Lundu,4,April,49
Lundu,5,Mei,96
Lundu,6,Jun,90
Lundu,7,Julai,67
Lundu,8,Ogos,62
Lundu,9,September,40
Lundu,10,Oktober,33
Lundu,11,November,41
Lundu,12,Disember,27
Malong,1,Januari,511
Malong,2,Februari,589
Malong,3,Mac,607
Malong,4,April,674
Malong,5,Mei,628
Malong,6,Jun,653
Malong,7,Julai,649
Malong,8,Ogos,633
Malong,9,September,598
Malong,10,Oktober,612
Malong,11,November,623
Malong,12,Disember,715
Mengkerong/Ubi/Conor,1,Januari,3733
Mengkerong/Ubi/Conor,2,Februari,4303
Mengkerong/Ubi/Conor,3,Mac,4163
Mengkerong/Ubi/Conor,4,April,5321
Mengkerong/Ubi/Conor,5,Mei,4994
Mengkerong/Ubi/Conor,6,Jun,4562
Mengkerong/Ubi/Conor,7,Julai,4069
Mengkerong/Ubi/Conor,8,Ogos,3081
Mengkerong/Ubi/Conor,9,September,3019
Mengkerong/Ubi/Conor,10,Oktober,3617
Mengkerong/Ubi/Conor,11,November,3362
Mengkerong/Ubi/Conor,12,Disember,2645
Merah Besar,1,Januari,331
Merah Besar,2,Februari,371
Merah Besar,3,Mac,314
Merah Besar,4,April,349
Merah Besar,5,Mei,364
Merah Besar,6,Jun,407
Merah Besar,7,Julai,413
Merah Besar,8,Ogos,442
Merah Besar,9,September,420
Merah Besar,10,Oktober,408
Merah Besar,11,November,390
Merah Besar,12,Disember,354
Merah Kecil,1,Januari,43
Merah Kecil,2,Februari,41
Merah Kecil,3,Mac,48
Merah Kecil,4,April,57
Merah Kecil,5,Mei,58
Merah Kecil,6,Jun,63
Merah Kecil,7,Julai,67
Merah Kecil,8,Ogos,74
Merah Kecil,9,September,88
Merah Kecil,10,Oktober,86
Merah Kecil,11,November,67
Merah Kecil,12,Disember,60
Merah Sederhana,1,Januari,123
Merah Sederhana,2,Februari,113
Merah Sederhana,3,Mac,138
Merah Sederhana,4,April,164
Merah Sederhana,5,Mei,145
Merah Sederhana,6,Jun,154
Merah Sederhana,7,Julai,174
Merah Sederhana,8,Ogos,155
Merah Sederhana,9,September,189
Merah Sederhana,10,Oktober,192
Merah Sederhana,11,November,156
Merah Sederhana,12,Disember,175
Mersuji,1,Januari,8.19
Mersuji,2,Februari,6.02
Mersuji,3,Mac,7
Mersuji,4,April,1
Mersuji,5,Mei,2.74
Mersuji,6,Jun,2
Mersuji,7,Julai,0
Mersuji,8,Ogos,6.9
Mersuji,9,September,4
Mersuji,10,Oktober,1
Mersuji,11,November,1
Mersuji,12,Disember,0
Panjang,1,Januari,4
Panjang,2,Februari,3
Panjang,3,Mac,2
Panjang,4,April,8
Panjang,5,Mei,3
Panjang,6,Jun,2
Panjang,7,Julai,2
Panjang,8,Ogos,2
Panjang,9,September,18
Panjang,10,Oktober,1
Panjang,11,November,1
Panjang,12,Disember,1
Parang-Parang,1,Januari,328
Parang-Parang,2,Februari,446
Parang-Parang,3,Mac,450
Parang-Parang,4,April,404
Parang-Parang,5,Mei,486
Parang-Parang,6,Jun,456
Parang-Parang,7,Julai,514
Parang-Parang,8,Ogos,544
Parang-Parang,9,September,589
Parang-Parang,10,Oktober,522
Parang-Parang,11,November,399
Parang-Parang,12,Disember,326
Pari,1,Januari,1049
Pari,2,Februari,1093
Pari,3,Mac,1125
Pari,4,April,953
Pari,5,Mei,1018
Pari,6,Jun,1012
Pari,7,Julai,1181
Pari,8,Ogos,1047
Pari,9,September,1594
Pari,10,Oktober,1066
Pari,11,November,1017
Pari,12,Disember,1167
Pasir-pasir/Timun-timun,1,Januari,80
Pasir-pasir/Timun-timun,2,Februari,73
Pasir-pasir/Timun-timun,3,Mac,96
Pasir-pasir/Timun-timun,4,April,99
Pasir-pasir/Timun-timun,5,Mei,110
Pasir-pasir/Timun-timun,6,Jun,102
Pasir-pasir/Timun-timun,7,Julai,104
Pasir-pasir/Timun-timun,8,Ogos,92
Pasir-pasir/Timun-timun,9,September,94
Pasir-pasir/Timun-timun,10,Oktober,97
Pasir-pasir/Timun-timun,11,November,82
Pasir-pasir/Timun-timun,12,Disember,62
Pedukang/Belukang,1,Januari,116
Pedukang/Belukang,2,Februari,120
Pedukang/Belukang,3,Mac,165
Pedukang/Belukang,4,April,162
Pedukang/Belukang,5,Mei,189
Pedukang/Belukang,6,Jun,152
Pedukang/Belukang,7,Julai,152
Pedukang/Belukang,8,Ogos,150
Pedukang/Belukang,9,September,145
Pedukang/Belukang,10,Oktober,137
Pedukang/Belukang,11,November,123
Pedukang/Belukang,12,Disember,124
Pelaling/Temenong,1,Januari,6124
Pelaling/Temenong,2,Februari,8280
Pelaling/Temenong,3,Mac,8342
Pelaling/Temenong,4,April,8339
Pelaling/Temenong,5,Mei,6895
Pelaling/Temenong,6,Jun,6669
Pelaling/Temenong,7,Julai,4919
Pelaling/Temenong,8,Ogos,4767
Pelaling/Temenong,9,September,4765
Pelaling/Temenong,10,Oktober,7461
Pelaling/Temenong,11,November,7243
Pelaling/Temenong,12,Disember,5882
Pelanduk,1,Januari,3
Pelanduk,2,Februari,2
Pelanduk,3,Mac,8
Pelanduk,4,April,10
Pelanduk,5,Mei,12
Pelanduk,6,Jun,21
Pelanduk,7,Julai,22
Pelanduk,8,Ogos,23
Pelanduk,9,September,11
Pelanduk,10,Oktober,16
Pelanduk,11,November,32
Pelanduk,12,Disember,264.3
Pelata,1,Januari,394
Pelata,2,Februari,423
Pelata,3,Mac,433
Pelata,4,April,399
Pelata,5,Mei,515
Pelata,6,Jun,609
Pelata,7,Julai,617
Pelata,8,Ogos,585
Pelata,9,September,557
Pelata,10,Oktober,531
Pelata,11,November,491
Pelata,12,Disember,511
Pelayak/Patipot,1,Januari,32
Pelayak/Patipot,2,Februari,52
Pelayak/Patipot,3,Mac,67
Pelayak/Patipot,4,April,59
Pelayak/Patipot,5,Mei,87
Pelayak/Patipot,6,Jun,75
Pelayak/Patipot,7,Julai,61
Pelayak/Patipot,8,Ogos,44
Pelayak/Patipot,9,September,61
Pelayak/Patipot,10,Oktober,72
Pelayak/Patipot,11,November,72
Pelayak/Patipot,12,Disember,55
Perencong,1,Januari,19
Perencong,2,Februari,14
Perencong,3,Mac,18
Perencong,4,April,20
Perencong,5,Mei,26
Perencong,6,Jun,22
Perencong,7,Julai,16
Perencong,8,Ogos,41
Perencong,9,September,32
Perencong,10,Oktober,27
Perencong,11,November,36.23
Perencong,12,Disember,31
Pinang-Pinang,1,Januari,15
Pinang-Pinang,2,Februari,15
Pinang-Pinang,3,Mac,25
Pinang-Pinang,4,April,25
Pinang-Pinang,5,Mei,25
Pinang-Pinang,6,Jun,25
Pinang-Pinang,7,Julai,35
Pinang-Pinang,8,Ogos,26
Pinang-Pinang,9,September,30
Pinang-Pinang,10,Oktober,26
Pinang-Pinang,11,November,60
Pinang-Pinang,12,Disember,140
Pisang-pisang,1,Januari,135
Pisang-pisang,2,Februari,102
Pisang-pisang,3,Mac,121
Pisang-pisang,4,April,168
Pisang-pisang,5,Mei,190
Pisang-pisang,6,Jun,103
Pisang-pisang,7,Julai,130
Pisang-pisang,8,Ogos,168
Pisang-pisang,9,September,116
Pisang-pisang,10,Oktober,58
Pisang-pisang,11,November,59
Pisang-pisang,12,Disember,61
Puput,1,Januari,653
Puput,2,Februari,651
Puput,3,Mac,716
Puput,4,April,772
Puput,5,Mei,823
Puput,6,Jun,870
Puput,7,Julai,804
Puput,8,Ogos,729
Puput,9,September,620
Puput,10,Oktober,586
Puput,11,November,596
Puput,12,Disember,553
Putong Damar/Bulus-bulus,1,Januari,82
Putong Damar/Bulus-bulus,2,Februari,96
Putong Damar/Bulus-bulus,3,Mac,101
Putong Damar/Bulus-bulus,4,April,94
Putong Damar/Bulus-bulus,5,Mei,91
Putong Damar/Bulus-bulus,6,Jun,99
Putong Damar/Bulus-bulus,7,Julai,101
Putong Damar/Bulus-bulus,8,Ogos,114
Putong Damar/Bulus-bulus,9,September,116
Putong Damar/Bulus-bulus,10,Oktober,119
Putong Damar/Bulus-bulus,11,November,118
Putong Damar/Bulus-bulus,12,Disember,95
Puyu Laut,1,Januari,15
Puyu Laut,2,Februari,13
Puyu Laut,3,Mac,53
Puyu Laut,4,April,47
Puyu Laut,5,Mei,25
Puyu Laut,6,Jun,12
Puyu Laut,7,Julai,16
Puyu Laut,8,Ogos,17
Puyu Laut,9,September,19
Puyu Laut,10,Oktober,9
Puyu Laut,11,November,26
Puyu Laut,12,Disember,9
Rambai/Ebek,1,Januari,54
Rambai/Ebek,2,Februari,62
Rambai/Ebek,3,Mac,83
Rambai/Ebek,4,April,74
Rambai/Ebek,5,Mei,84
Rambai/Ebek,6,Jun,77
Rambai/Ebek,7,Julai,80
Rambai/Ebek,8,Ogos,76
Rambai/Ebek,9,September,85
Rambai/Ebek,10,Oktober,102
Rambai/Ebek,11,November,95
Rambai/Ebek,12,Disember,51
Remong,1,Januari,143
Remong,2,Februari,244
Remong,3,Mac,238
Remong,4,April,299
Remong,5,Mei,236
Remong,6,Jun,278
Remong,7,Julai,251
Remong,8,Ogos,246
Remong,9,September,275
Remong,10,Oktober,236
Remong,11,November,212
Remong,12,Disember,95
Sebelah,1,Januari,196
Sebelah,2,Februari,207
Sebelah,3,Mac,245
Sebelah,4,April,215
Sebelah,5,Mei,220
Sebelah,6,Jun,231
Sebelah,7,Julai,263
Sebelah,8,Ogos,274
Sebelah,9,September,236
Sebelah,10,Oktober,235
Sebelah,11,November,217
Sebelah,12,Disember,221
Selampai/Tembereh,1,Januari,20
Selampai/Tembereh,2,Februari,10
Selampai/Tembereh,3,Mac,12
Selampai/Tembereh,4,April,20
Selampai/Tembereh,5,Mei,20
Selampai/Tembereh,6,Jun,19
Selampai/Tembereh,7,Julai,22
Selampai/Tembereh,8,Ogos,23
Selampai/Tembereh,9,September,23
Selampai/Tembereh,10,Oktober,20
Selampai/Tembereh,11,November,28
Selampai/Tembereh,12,Disember,29
Selangat,1,Januari,250
Selangat,2,Februari,264
Selangat,3,Mac,274
Selangat,4,April,294
Selangat,5,Mei,339
Selangat,6,Jun,298
Selangat,7,Julai,312
Selangat,8,Ogos,302
Selangat,9,September,279
Selangat,10,Oktober,238
Selangat,11,November,246
Selangat,12,Disember,179
Selar,1,Januari,959
Selar,2,Februari,1117
Selar,3,Mac,1926
Selar,4,April,2514
Selar,5,Mei,2708
Selar,6,Jun,2691
Selar,7,Julai,2565
Selar,8,Ogos,2197
Selar,9,September,2006
Selar,10,Oktober,1921
Selar,11,November,2205
Selar,12,Disember,1264
Selar Kuning,1,Januari,683
Selar Kuning,2,Februari,1147
Selar Kuning,3,Mac,1097
Selar Kuning,4,April,973
Selar Kuning,5,Mei,1171
Selar Kuning,6,Jun,912
Selar Kuning,7,Julai,981
Selar Kuning,8,Ogos,1097
Selar Kuning,9,September,1267
Selar Kuning,10,Oktober,1076
Selar Kuning,11,November,981
Selar Kuning,12,Disember,1052
Selayang/Cerut,1,Januari,3493
Selayang/Cerut,2,Februari,4945
Selayang/Cerut,3,Mac,9320
Selayang/Cerut,4,April,10717
Selayang/Cerut,5,Mei,10528
Selayang/Cerut,6,Jun,8257
Selayang/Cerut,7,Julai,8181
Selayang/Cerut,8,Ogos,8681
Selayang/Cerut,9,September,8728
Selayang/Cerut,10,Oktober,9043
Selayang/Cerut,11,November,7757
Selayang/Cerut,12,Disember,4584
Semilang,1,Januari,265
Semilang,2,Februari,276
Semilang,3,Mac,266
Semilang,4,April,261
Semilang,5,Mei,262
Semilang,6,Jun,297
Semilang,7,Julai,369
Semilang,8,Ogos,294
Semilang,9,September,301
Semilang,10,Oktober,290
Semilang,11,November,282
Semilang,12,Disember,282
Semilang Karang,1,Januari,15
Semilang Karang,2,Februari,16
Semilang Karang,3,Mac,26
Semilang Karang,4,April,38
Semilang Karang,5,Mei,39
Semilang Karang,6,Jun,41
Semilang Karang,7,Julai,43
Semilang Karang,8,Ogos,60
Semilang Karang,9,September,42
Semilang Karang,10,Oktober,38
Semilang Karang,11,November,47
Semilang Karang,12,Disember,40
Senangin,1,Januari,1030
Senangin,2,Februari,1091
Senangin,3,Mac,1072
Senangin,4,April,1120
Senangin,5,Mei,1153
Senangin,6,Jun,1190
Senangin,7,Julai,1224
Senangin,8,Ogos,1362
Senangin,9,September,1276
Senangin,10,Oktober,1176
Senangin,11,November,1150
Senangin,12,Disember,1101
Senangin Buis,1,Januari,21
Senangin Buis,2,Februari,26
Senangin Buis,3,Mac,41
Senangin Buis,4,April,43
Senangin Buis,5,Mei,69
Senangin Buis,6,Jun,67
Senangin Buis,7,Julai,71
Senangin Buis,8,Ogos,83
Senangin Buis,9,September,58
Senangin Buis,10,Oktober,58
Senangin Buis,11,November,60
Senangin Buis,12,Disember,46
Senolong/Kapas,1,Januari,26
Senolong/Kapas,2,Februari,19
Senolong/Kapas,3,Mac,24
Senolong/Kapas,4,April,28
Senolong/Kapas,5,Mei,27
Senolong/Kapas,6,Jun,32
Senolong/Kapas,7,Julai,35
Senolong/Kapas,8,Ogos,39
Senolong/Kapas,9,September,40
Senolong/Kapas,10,Oktober,42
Senolong/Kapas,11,November,24
Senolong/Kapas,12,Disember,24
Shrumbu/Lemah,1,Januari,20
Shrumbu/Lemah,2,Februari,29
Shrumbu/Lemah,3,Mac,27
Shrumbu/Lemah,4,April,22
Shrumbu/Lemah,5,Mei,43
Shrumbu/Lemah,6,Jun,21
Shrumbu/Lemah,7,Julai,23
Shrumbu/Lemah,8,Ogos,19.2
Shrumbu/Lemah,9,September,18
Shrumbu/Lemah,10,Oktober,10.4
Shrumbu/Lemah,11,November,17.4
Shrumbu/Lemah,12,Disember,106.15
Siakap,1,Januari,235
Siakap,2,Februari,240
Siakap,3,Mac,264
Siakap,4,April,293
Siakap,5,Mei,319
Siakap,6,Jun,314
Siakap,7,Julai,331
Siakap,8,Ogos,326
Siakap,9,September,291
Siakap,10,Oktober,268
Siakap,11,November,260
Siakap,12,Disember,268
Siput Bayam,1,Januari,64
Siput Bayam,2,Februari,45
Siput Bayam,3,Mac,77
Siput Bayam,4,April,67
Siput Bayam,5,Mei,37
Siput Bayam,6,Jun,13
Siput Bayam,7,Julai,3
Siput Bayam,8,Ogos,7
Siput Bayam,9,September,8
Siput Bayam,10,Oktober,12
Siput Bayam,11,November,10
Siput Bayam,12,Disember,10
Siput Belitung,1,Januari,8
Siput Belitung,2,Februari,11
Siput Belitung,3,Mac,16
Siput Belitung,4,April,30
Siput Belitung,5,Mei,31
Siput Belitung,6,Jun,26
Siput Belitung,7,Julai,22
Siput Belitung,8,Ogos,24
Siput Belitung,9,September,18
Siput Belitung,10,Oktober,13
Siput Belitung,11,November,9
Siput Belitung,12,Disember,18
Siput Kekapis,1,Januari,12
Siput Kekapis,2,Februari,11
Siput Kekapis,3,Mac,16
Siput Kekapis,4,April,15
Siput Kekapis,5,Mei,14
Siput Kekapis,6,Jun,17
Siput Kekapis,7,Julai,15
Siput Kekapis,8,Ogos,13
Siput Kekapis,9,September,13
Siput Kekapis,10,Oktober,14
Siput Kekapis,11,November,9
Siput Kekapis,12,Disember,10
Siput Retak Seribu,1,Januari,2
Siput Retak Seribu,2,Februari,2
Siput Retak Seribu,3,Mac,80
Siput Retak Seribu,4,April,127
Siput Retak Seribu,5,Mei,152
Siput Retak Seribu,6,Jun,113
Siput Retak Seribu,7,Julai,77
Siput Retak Seribu,8,Ogos,43
Siput Retak Seribu,9,September,49
Siput Retak Seribu,10,Oktober,82
Siput Retak Seribu,11,November,38
Siput Retak Seribu,12,Disember,21
Sotong Biasa,1,Januari,1807
Sotong Biasa,2,Februari,2194
Sotong Biasa,3,Mac,2400
Sotong Biasa,4,April,2826
Sotong Biasa,5,Mei,3192
Sotong Biasa,6,Jun,2638
Sotong Biasa,7,Julai,2354
Sotong Biasa,8,Ogos,2683
Sotong Biasa,9,September,2608
Sotong Biasa,10,Oktober,2547
Sotong Biasa,11,November,2231
Sotong Biasa,12,Disember,1800
Sotong Daun,1,Januari,30
Sotong Daun,2,Februari,32
Sotong Daun,3,Mac,32
Sotong Daun,4,April,32
Sotong Daun,5,Mei,35
Sotong Daun,6,Jun,28
Sotong Daun,7,Julai,24
Sotong Daun,8,Ogos,32
Sotong Daun,9,September,82
Sotong Daun,10,Oktober,84
Sotong Daun,11,November,99
Sotong Daun,12,Disember,74
Sotong Jarum,1,Januari,106
Sotong Jarum,2,Februari,1021
Sotong Jarum,3,Mac,3052
Sotong Jarum,4,April,654
Sotong Jarum,5,Mei,163
Sotong Jarum,6,Jun,144
Sotong Jarum,7,Julai,125
Sotong Jarum,8,Ogos,121
Sotong Jarum,9,September,117
Sotong Jarum,10,Oktober,109
Sotong Jarum,11,November,114
Sotong Jarum,12,Disember,99
Sotong Katak,1,Januari,1138
Sotong Katak,2,Februari,1206
Sotong Katak,3,Mac,1297
Sotong Katak,4,April,1357
Sotong Katak,5,Mei,1403
Sotong Katak,6,Jun,1278
Sotong Katak,7,Julai,1389
Sotong Katak,8,Ogos,1420
Sotong Katak,9,September,1421
Sotong Katak,10,Oktober,1345
Sotong Katak,11,November,1294
Sotong Katak,12,Disember,1216
Sotong Kurita,1,Januari,122
Sotong Kurita,2,Februari,118
Sotong Kurita,3,Mac,111
Sotong Kurita,4,April,142
Sotong Kurita,5,Mei,138
Sotong Kurita,6,Jun,141
Sotong Kurita,7,Julai,142
Sotong Kurita,8,Ogos,168
Sotong Kurita,9,September,143
Sotong Kurita,10,Oktober,136
Sotong Kurita,11,November,148
Sotong Kurita,12,Disember,135
Sotong Mengabang,1,Januari,21
Sotong Mengabang,2,Februari,11
Sotong Mengabang,3,Mac,13
Sotong Mengabang,4,April,14
Sotong Mengabang,5,Mei,31
Sotong Mengabang,6,Jun,33
Sotong Mengabang,7,Julai,27
Sotong Mengabang,8,Ogos,31
Sotong Mengabang,9,September,34
Sotong Mengabang,10,Oktober,31
Sotong Mengabang,11,November,17
Sotong Mengabang,12,Disember,16
Sotong Torak,1,Januari,63
Sotong Torak,2,Februari,79
Sotong Torak,3,Mac,83
Sotong Torak,4,April,99
Sotong Torak,5,Mei,123
Sotong Torak,6,Jun,81
Sotong Torak,7,Julai,59
Sotong Torak,8,Ogos,67
Sotong Torak,9,September,72
Sotong Torak,10,Oktober,82
Sotong Torak,11,November,102
Sotong Torak,12,Disember,75
Talang,1,Januari,395
Talang,2,Februari,405
Talang,3,Mac,466
Talang,4,April,565
Talang,5,Mei,662
Talang,6,Jun,660
Talang,7,Julai,713
Talang,8,Ogos,694
Talang,9,September,497
Talang,10,Oktober,452
Talang,11,November,493
Talang,12,Disember,731
Tamban Beluru,1,Januari,70
Tamban Beluru,2,Februari,151
Tamban Beluru,3,Mac,339
Tamban Beluru,4,April,319
Tamban Beluru,5,Mei,247
Tamban Beluru,6,Jun,274
Tamban Beluru,7,Julai,231
Tamban Beluru,8,Ogos,273
Tamban Beluru,9,September,505
Tamban Beluru,10,Oktober,1027
Tamban Beluru,11,November,419
Tamban Beluru,12,Disember,27
Tamban Buloh/Tamban Bulat,1,Januari,241
Tamban Buloh/Tamban Bulat,2,Februari,313
Tamban Buloh/Tamban Bulat,3,Mac,345
Tamban Buloh/Tamban Bulat,4,April,464
Tamban Buloh/Tamban Bulat,5,Mei,583
Tamban Buloh/Tamban Bulat,6,Jun,521
Tamban Buloh/Tamban Bulat,7,Julai,501
Tamban Buloh/Tamban Bulat,8,Ogos,313
Tamban Buloh/Tamban Bulat,9,September,444
Tamban Buloh/Tamban Bulat,10,Oktober,303
Tamban Buloh/Tamban Bulat,11,November,369
Tamban Buloh/Tamban Bulat,12,Disember,211
Tamban Sisek,1,Januari,1683
Tamban Sisek,2,Februari,1545
Tamban Sisek,3,Mac,2153
Tamban Sisek,4,April,1864
Tamban Sisek,5,Mei,2037
Tamban Sisek,6,Jun,1792
Tamban Sisek,7,Julai,1761
Tamban Sisek,8,Ogos,1695
Tamban Sisek,9,September,2840
Tamban Sisek,10,Oktober,2657
Tamban Sisek,11,November,2451
Tamban Sisek,12,Disember,1599
Tamban/Cincang Rebong,1,Januari,672
Tamban/Cincang Rebong,2,Februari,567
Tamban/Cincang Rebong,3,Mac,717
Tamban/Cincang Rebong,4,April,723
Tamban/Cincang Rebong,5,Mei,1120
Tamban/Cincang Rebong,6,Jun,1150
Tamban/Cincang Rebong,7,Julai,958
Tamban/Cincang Rebong,8,Ogos,1303
Tamban/Cincang Rebong,9,September,1193
Tamban/Cincang Rebong,10,Oktober,945
Tamban/Cincang Rebong,11,November,1193
Tamban/Cincang Rebong,12,Disember,1548
Tanda,1,Januari,82
Tanda,2,Februari,86
Tanda,3,Mac,91
Tanda,4,April,107
Tanda,5,Mei,112
Tanda,6,Jun,111
Tanda,7,Julai,118
Tanda,8,Ogos,113
Tanda,9,September,110
Tanda,10,Oktober,120
Tanda,11,November,90
Tanda,12,Disember,85
Temenggong/Lara Bara,1,Januari,870
Temenggong/Lara Bara,2,Februari,866
Temenggong/Lara Bara,3,Mac,1604
Temenggong/Lara Bara,4,April,1974
Temenggong/Lara Bara,5,Mei,1731
Temenggong/Lara Bara,6,Jun,1565
Temenggong/Lara Bara,7,Julai,1518
Temenggong/Lara Bara,8,Ogos,2146
Temenggong/Lara Bara,9,September,2029
Temenggong/Lara Bara,10,Oktober,2642
Temenggong/Lara Bara,11,November,2361
Temenggong/Lara Bara,12,Disember,1761
Tenggiri,1,Januari,920
Tenggiri,2,Februari,968
Tenggiri,3,Mac,1061
Tenggiri,4,April,1224
Tenggiri,5,Mei,1315
Tenggiri,6,Jun,1383
Tenggiri,7,Julai,1342
Tenggiri,8,Ogos,1374
Tenggiri,9,September,1275
Tenggiri,10,Oktober,1307
Tenggiri,11,November,1158
Tenggiri,12,Disember,826
Tenggiri Batang,1,Januari,31
Tenggiri Batang,2,Februari,35
Tenggiri Batang,3,Mac,46
Tenggiri Batang,4,April,35
Tenggiri Batang,5,Mei,36
Tenggiri Batang,6,Jun,83
Tenggiri Batang,7,Julai,78
Tenggiri Batang,8,Ogos,90
Tenggiri Batang,9,September,108
Tenggiri Batang,10,Oktober,106
Tenggiri Batang,11,November,96
Tenggiri Batang,12,Disember,69
Tenggiri Papan,1,Januari,35
Tenggiri Papan,2,Februari,49
Tenggiri Papan,3,Mac,77
Tenggiri Papan,4,April,54
Tenggiri Papan,5,Mei,62
Tenggiri Papan,6,Jun,97
Tenggiri Papan,7,Julai,84
Tenggiri Papan,8,Ogos,84
Tenggiri Papan,9,September,90
Tenggiri Papan,10,Oktober,82
Tenggiri Papan,11,November,75
Tenggiri Papan,12,Disember,48
Tenggiri Wahoo,1,Januari,6.2
Tenggiri Wahoo,2,Februari,4.2
Tenggiri Wahoo,3,Mac,5
Tenggiri Wahoo,4,April,8
Tenggiri Wahoo,5,Mei,4
Tenggiri Wahoo,6,Jun,6
Tenggiri Wahoo,7,Julai,7
Tenggiri Wahoo,8,Ogos,18
Tenggiri Wahoo,9,September,13
Tenggiri Wahoo,10,Oktober,8
Tenggiri Wahoo,11,November,6
Tenggiri Wahoo,12,Disember,9
Terubuk,1,Januari,12
Terubuk,2,Februari,14
Terubuk,3,Mac,15.7
Terubuk,4,April,21
Terubuk,5,Mei,13
Terubuk,6,Jun,14
Terubuk,7,Julai,17
Terubuk,8,Ogos,19
Terubuk,9,September,18
Terubuk,10,Oktober,17
Terubuk,11,November,12
Terubuk,12,Disember,10
Terubuk T.Macrura,1,Januari,116.44
Terubuk T.Macrura,2,Februari,22.65
Terubuk T.Macrura,3,Mac,34.3
Terubuk T.Macrura,4,April,53
Terubuk T.Macrura,5,Mei,106
Terubuk T.Macrura,6,Jun,113
Terubuk T.Macrura,7,Julai,44
Terubuk T.Macrura,8,Ogos,56.7
Terubuk T.Macrura,9,September,83.7
Terubuk T.Macrura,10,Oktober,64.3
Terubuk T.Macrura,11,November,56.8
Terubuk T.Macrura,12,Disember,55.96
Timah/Layor/Selayor,1,Januari,882
Timah/Layor/Selayor,2,Februari,998
Timah/Layor/Selayor,3,Mac,1290
Timah/Layor/Selayor,4,April,1200
Timah/Layor/Selayor,5,Mei,1537
Timah/Layor/Selayor,6,Jun,1446
Timah/Layor/Selayor,7,Julai,1494
Timah/Layor/Selayor,8,Ogos,1508
Timah/Layor/Selayor,9,September,1546
Timah/Layor/Selayor,10,Oktober,1440
Timah/Layor/Selayor,11,November,1311
Timah/Layor/Selayor,12,Disember,1095
Tiram,1,Januari,8
Tiram,2,Februari,12
Tiram,3,Mac,11
Tiram,4,April,14
Tiram,5,Mei,15
Tiram,6,Jun,13
Tiram,7,Julai,13
Tiram,8,Ogos,15
Tiram,9,September,15
Tiram,10,Oktober,13
Tiram,11,November,12
Tiram,12,Disember,11
Todak/Banang,1,Januari,45
Todak/Banang,2,Februari,49
Todak/Banang,3,Mac,52
Todak/Banang,4,April,68
Todak/Banang,5,Mei,97
Todak/Banang,6,Jun,71
Todak/Banang,7,Julai,64
Todak/Banang,8,Ogos,66
Todak/Banang,9,September,58
Todak/Banang,10,Oktober,48
Todak/Banang,11,November,57
Todak/Banang,12,Disember,60
Trepang/Gamat,1,Januari,35
Trepang/Gamat,2,Februari,36
Trepang/Gamat,3,Mac,70
Trepang/Gamat,4,April,66
Trepang/Gamat,5,Mei,57
Trepang/Gamat,6,Jun,59
Trepang/Gamat,7,Julai,83
Trepang/Gamat,8,Ogos,52
Trepang/Gamat,9,September,68
Trepang/Gamat,10,Oktober,67
Trepang/Gamat,11,November,94
Trepang/Gamat,12,Disember,214
Ubur-Ubur,1,Januari,90
Ubur-Ubur,2,Februari,60
Ubur-Ubur,3,Mac,85
Ubur-Ubur,4,April,80
Ubur-Ubur,5,Mei,93
Ubur-Ubur,6,Jun,95
Ubur-Ubur,7,Julai,96
Ubur-Ubur,8,Ogos,104
Ubur-Ubur,9,September,100
Ubur-Ubur,10,Oktober,100
Ubur-Ubur,11,November,117
Ubur-Ubur,12,Disember,119
Ubur-Ubur Putih,2,Februari,1
Ubur-Ubur Putih,3,Mac,912
Ubur-Ubur Putih,4,April,1784
Ubur-Ubur Putih,5,Mei,2100
Ubur-Ubur Putih,6,Jun,1479.9
Ubur-Ubur Putih,7,Julai,730
Ubur-Ubur Putih,8,Ogos,486
Ubur_ubur Merah,1,Januari,61
Ubur_ubur Merah,2,Februari,15
Ubur_ubur Merah,3,Mac,24
Ubur_ubur Merah,4,April,22
Ubur_ubur Merah,5,Mei,34
Ubur_ubur Merah,6,Jun,37
Ubur_ubur Merah,7,Julai,94
Ubur_ubur Merah,8,Ogos,69
Ubur_ubur Merah,9,September,63
Ubur_ubur Merah,10,Oktober,59
Ubur_ubur Merah,11,November,63
Ubur_ubur Merah,12,Disember,105
Udang Baring,1,Januari,3332
Udang Baring,2,Februari,3735
Udang Baring,3,Mac,3432
Udang Baring,4,April,2475
Udang Baring,5,Mei,1746
Udang Baring,6,Jun,2104
Udang Baring,7,Julai,1661
Udang Baring,8,Ogos,1866
Udang Baring,9,September,1337
Udang Baring,10,Oktober,2381
Udang Baring,11,November,2336
Udang Baring,12,Disember,1754
Udang Cendana/Rotan,1,Januari,283
Udang Cendana/Rotan,2,Februari,247
Udang Cendana/Rotan,3,Mac,283
Udang Cendana/Rotan,4,April,240
Udang Cendana/Rotan,5,Mei,333
Udang Cendana/Rotan,6,Jun,545
Udang Cendana/Rotan,7,Julai,792
Udang Cendana/Rotan,8,Ogos,572
Udang Cendana/Rotan,9,September,395
Udang Cendana/Rotan,10,Oktober,319
Udang Cendana/Rotan,11,November,364
Udang Cendana/Rotan,12,Disember,369
Udang Duri,9,September,6
Udang Duri,10,Oktober,0
Udang Duri,11,November,0
Udang Ekor Biru,1,Januari,15
Udang Ekor Biru,2,Februari,13
Udang Ekor Biru,3,Mac,34
Udang Ekor Biru,4,April,48
Udang Ekor Biru,5,Mei,52
Udang Ekor Biru,6,Jun,41
Udang Ekor Biru,7,Julai,45
Udang Ekor Biru,8,Ogos,25
Udang Ekor Biru,9,September,50
Udang Ekor Biru,10,Oktober,52
Udang Ekor Biru,11,November,43
Udang Ekor Biru,12,Disember,38
Udang Galah,1,Januari,39
Udang Galah,2,Februari,47
Udang Galah,3,Mac,51
Udang Galah,4,April,55
Udang Galah,5,Mei,58
Udang Galah,6,Jun,65
Udang Galah,7,Julai,69
Udang Galah,8,Ogos,70
Udang Galah,9,September,76
Udang Galah,10,Oktober,71
Udang Galah,11,November,100
Udang Galah,12,Disember,93
Udang Harimau,1,Januari,121
Udang Harimau,2,Februari,184
Udang Harimau,3,Mac,121
Udang Harimau,4,April,121
Udang Harimau,5,Mei,142
Udang Harimau,6,Jun,163
Udang Harimau,7,Julai,189
Udang Harimau,8,Ogos,178
Udang Harimau,9,September,143
Udang Harimau,10,Oktober,140
Udang Harimau,11,November,136
Udang Harimau,12,Disember,113
Udang Kaki Merah/Sua Lor Besar,1,Januari,140
Udang Kaki Merah/Sua Lor Besar,2,Februari,139
Udang Kaki Merah/Sua Lor Besar,3,Mac,124
Udang Kaki Merah/Sua Lor Besar,4,April,121
Udang Kaki Merah/Sua Lor Besar,5,Mei,149
Udang Kaki Merah/Sua Lor Besar,6,Jun,126
Udang Kaki Merah/Sua Lor Besar,7,Julai,130
Udang Kaki Merah/Sua Lor Besar,8,Ogos,161
Udang Kaki Merah/Sua Lor Besar,9,September,136
Udang Kaki Merah/Sua Lor Besar,10,Oktober,128
Udang Kaki Merah/Sua Lor Besar,11,November,116
Udang Kaki Merah/Sua Lor Besar,12,Disember,116
Udang Kaki Merah/Sua Lor Kecil,1,Januari,53
Udang Kaki Merah/Sua Lor Kecil,2,Februari,66
Udang Kaki Merah/Sua Lor Kecil,3,Mac,68
Udang Kaki Merah/Sua Lor Kecil,4,April,75
Udang Kaki Merah/Sua Lor Kecil,5,Mei,98
Udang Kaki Merah/Sua Lor Kecil,6,Jun,118
Udang Kaki Merah/Sua Lor Kecil,7,Julai,179
Udang Kaki Merah/Sua Lor Kecil,8,Ogos,129
Udang Kaki Merah/Sua Lor Kecil,9,September,73
Udang Kaki Merah/Sua Lor Kecil,10,Oktober,111
Udang Kaki Merah/Sua Lor Kecil,11,November,62
Udang Kaki Merah/Sua Lor Kecil,12,Disember,39
Udang Kaki Merah/Sua Lor Sederhana,1,Januari,130
Udang Kaki Merah/Sua Lor Sederhana,2,Februari,153
Udang Kaki Merah/Sua Lor Sederhana,3,Mac,174
Udang Kaki Merah/Sua Lor Sederhana,4,April,164
Udang Kaki Merah/Sua Lor Sederhana,5,Mei,156
Udang Kaki Merah/Sua Lor Sederhana,6,Jun,175
Udang Kaki Merah/Sua Lor Sederhana,7,Julai,154
Udang Kaki Merah/Sua Lor Sederhana,8,Ogos,163
Udang Kaki Merah/Sua Lor Sederhana,9,September,149
Udang Kaki Merah/Sua Lor Sederhana,10,Oktober,150
Udang Kaki Merah/Sua Lor Sederhana,11,November,130
Udang Kaki Merah/Sua Lor Sederhana,12,Disember,130
Udang Karang,1,Januari,31
Udang Karang,2,Februari,66
Udang Karang,3,Mac,46
Udang Karang,4,April,51
Udang Karang,5,Mei,45
Udang Karang,6,Jun,49
Udang Karang,7,Julai,62
Udang Karang,8,Ogos,48
Udang Karang,9,September,38
Udang Karang,10,Oktober,48
Udang Karang,11,November,38
Udang Karang,12,Disember,32
Udang Kulit Keras,1,Januari,1188
Udang Kulit Keras,2,Februari,1168
Udang Kulit Keras,3,Mac,1255
Udang Kulit Keras,4,April,1306
Udang Kulit Keras,5,Mei,1338
Udang Kulit Keras,6,Jun,1363
Udang Kulit Keras,7,Julai,1460
Udang Kulit Keras,8,Ogos,968
Udang Kulit Keras,9,September,837
Udang Kulit Keras,10,Oktober,843
Udang Kulit Keras,11,November,863
Udang Kulit Keras,12,Disember,824
Udang Kuning,1,Januari,252
Udang Kuning,2,Februari,284
Udang Kuning,3,Mac,263
Udang Kuning,4,April,329
Udang Kuning,5,Mei,370
Udang Kuning,6,Jun,453
Udang Kuning,7,Julai,422
Udang Kuning,8,Ogos,430
Udang Kuning,9,September,268
Udang Kuning,10,Oktober,224
Udang Kuning,11,November,332
Udang Kuning,12,Disember,390
Udang Lipan,1,Januari,676
Udang Lipan,2,Februari,266
Udang Lipan,3,Mac,310
Udang Lipan,4,April,224
Udang Lipan,5,Mei,289
Udang Lipan,6,Jun,265
Udang Lipan,7,Julai,283
Udang Lipan,8,Ogos,252
Udang Lipan,9,September,197
Udang Lipan,10,Oktober,228
Udang Lipan,11,November,265
Udang Lipan,12,Disember,225
Udang Lobok,1,Januari,16
Udang Lobok,2,Februari,35
Udang Lobok,3,Mac,22
Udang Lobok,4,April,21
Udang Lobok,5,Mei,25
Udang Lobok,6,Jun,28
Udang Lobok,7,Julai,15
Udang Lobok,8,Ogos,18
Udang Lobok,9,September,26
Udang Lobok,10,Oktober,19
Udang Lobok,11,November,19
Udang Lobok,12,Disember,20
Udang Merah,1,Januari,73
Udang Merah,2,Februari,80
Udang Merah,3,Mac,130
Udang Merah,4,April,152
Udang Merah,5,Mei,141
Udang Merah,6,Jun,148
Udang Merah,7,Julai,129
Udang Merah,8,Ogos,106
Udang Merah,9,September,95
Udang Merah,10,Oktober,71
Udang Merah,11,November,63
Udang Merah,12,Disember,68
Udang Merah Ros,1,Januari,32
Udang Merah Ros,2,Februari,33
Udang Merah Ros,3,Mac,32
Udang Merah Ros,4,April,27
Udang Merah Ros,5,Mei,31
Udang Merah Ros,6,Jun,27
Udang Merah Ros,7,Julai,27
Udang Merah Ros,8,Ogos,37
Udang Merah Ros,9,September,33
Udang Merah Ros,10,Oktober,30
Udang Merah Ros,11,November,29
Udang Merah Ros,12,Disember,26
Udang Minyak,1,Januari,109
Udang Minyak,2,Februari,121
Udang Minyak,3,Mac,107
Udang Minyak,4,April,82
Udang Minyak,5,Mei,96
Udang Minyak,6,Jun,81
Udang Minyak,7,Julai,101
Udang Minyak,8,Ogos,97
Udang Minyak,9,September,84
Udang Minyak,10,Oktober,69
Udang Minyak,11,November,102
Udang Minyak,12,Disember,106
Udang Minyak Jalur,1,Januari,0.7
Udang Minyak Jalur,2,Februari,1
Udang Minyak Jalur,3,Mac,4
Udang Minyak Jalur,4,April,0.1
Udang Minyak Jalur,5,Mei,0.3
Udang Minyak Jalur,6,Jun,0.2
Udang Minyak Jalur,7,Julai,0.2
Udang Minyak Jalur,8,Ogos,0.1
Udang Minyak Jalur,9,September,0.2
Udang Minyak Jalur,10,Oktober,0.1
Udang Minyak Jalur,11,November,0.2
Udang Minyak Jalur,12,Disember,0.2
Udang Pasir Besar,1,Januari,9
Udang Pasir Besar,2,Februari,13
Udang Pasir Besar,3,Mac,13
Udang Pasir Besar,4,April,14
Udang Pasir Besar,5,Mei,13
Udang Pasir Besar,6,Jun,17
Udang Pasir Besar,7,Julai,22
Udang Pasir Besar,8,Ogos,28
Udang Pasir Besar,9,September,22
Udang Pasir Besar,10,Oktober,14
Udang Pasir Besar,11,November,14
Udang Pasir Besar,12,Disember,15
Udang Pasir Kecil,1,Januari,23
Udang Pasir Kecil,2,Februari,28
Udang Pasir Kecil,3,Mac,32
Udang Pasir Kecil,4,April,31
Udang Pasir Kecil,5,Mei,43
Udang Pasir Kecil,6,Jun,42
Udang Pasir Kecil,7,Julai,50
Udang Pasir Kecil,8,Ogos,48
Udang Pasir Kecil,9,September,44
Udang Pasir Kecil,10,Oktober,46
Udang Pasir Kecil,11,November,39
Udang Pasir Kecil,12,Disember,35
Udang Pasir Sederhana,1,Januari,56
Udang Pasir Sederhana,2,Februari,59
Udang Pasir Sederhana,3,Mac,64
Udang Pasir Sederhana,4,April,63
Udang Pasir Sederhana,5,Mei,65
Udang Pasir Sederhana,6,Jun,57
Udang Pasir Sederhana,7,Julai,58
Udang Pasir Sederhana,8,Ogos,67
Udang Pasir Sederhana,9,September,77
Udang Pasir Sederhana,10,Oktober,61
Udang Pasir Sederhana,11,November,63
Udang Pasir Sederhana,12,Disember,78
Udang Putih/Kertas Besar,1,Januari,892
Udang Putih/Kertas Besar,2,Februari,843
Udang Putih/Kertas Besar,3,Mac,935
Udang Putih/Kertas Besar,4,April,1048
Udang Putih/Kertas Besar,5,Mei,1116
Udang Putih/Kertas Besar,6,Jun,1193
Udang Putih/Kertas Besar,7,Julai,1480
Udang Putih/Kertas Besar,8,Ogos,1271
Udang Putih/Kertas Besar,9,September,1140
Udang Putih/Kertas Besar,10,Oktober,1076
Udang Putih/Kertas Besar,11,November,992
Udang Putih/Kertas Besar,12,Disember,889
Udang Putih/Kertas Kecil,1,Januari,786
Udang Putih/Kertas Kecil,2,Februari,750
Udang Putih/Kertas Kecil,3,Mac,746
Udang Putih/Kertas Kecil,4,April,744
Udang Putih/Kertas Kecil,5,Mei,806.6
Udang Putih/Kertas Kecil,6,Jun,813
Udang Putih/Kertas Kecil,7,Julai,793
Udang Putih/Kertas Kecil,8,Ogos,771
Udang Putih/Kertas Kecil,9,September,689
Udang Putih/Kertas Kecil,10,Oktober,645
Udang Putih/Kertas Kecil,11,November,667
Udang Putih/Kertas Kecil,12,Disember,637
Udang Putih/Kertas Sederhana,1,Januari,957
Udang Putih/Kertas Sederhana,2,Februari,963
Udang Putih/Kertas Sederhana,3,Mac,1021
Udang Putih/Kertas Sederhana,4,April,1077
Udang Putih/Kertas Sederhana,5,Mei,1093
Udang Putih/Kertas Sederhana,6,Jun,1290
Udang Putih/Kertas Sederhana,7,Julai,1474
Udang Putih/Kertas Sederhana,8,Ogos,1374
Udang Putih/Kertas Sederhana,9,September,1289
Udang Putih/Kertas Sederhana,10,Oktober,1170
Udang Putih/Kertas Sederhana,11,November,1104
Udang Putih/Kertas Sederhana,12,Disember,1050
Udang Susu,1,Januari,149
Udang Susu,2,Februari,21
Udang Susu,3,Mac,47
Udang Susu,4,April,52
Udang Susu,5,Mei,204
Udang Susu,6,Jun,18
Udang Susu,7,Julai,22
Udang Susu,8,Ogos,23
Udang Susu,9,September,137
Udang Susu,10,Oktober,69
Udang Susu,11,November,129
Udang Susu,12,Disember,43
Tuna Oceanik,1,Januari,263
Tuna Oceanik,2,Februari,196
Tuna Oceanik,3,Mac,206
Tuna Oceanik,4,April,204
Tuna Oceanik,5,Mei,454
Tuna Oceanik,6,Jun,243
Tuna Oceanik,7,Julai,226
Tuna Oceanik,8,Ogos,270
Tuna Oceanik,9,September,163
Tuna Oceanik,10,Oktober,266
Tuna Oceanik,11,November,237
Tuna Oceanik,12,Disember,190
Yu,1,Januari,379
Yu,2,Februari,314
Yu,3,Mac,454
Yu,4,April,436
Yu,5,Mei,551
Yu,6,Jun,528
Yu,7,Julai,621
Yu,8,Ogos,529
Yu,9,September,464
Yu,10,Oktober,426
Yu,11,November,438
Yu,12,Disember,446
